,full_date,tm_event_name,count,20161,20162,20163,20164,20165,20171,20172,20173,20174,20175
1,10/29/2016,ENK1029E,1203,1203,1233,1292,991,2016,,,,,
2,10/28/2016,ENK1029E,816,816,875,839,848,283,,,,,
3,10/27/2016,ENK1029E,747,747,630,480,530,356,,,,,
4,10/26/2016,ENK1029E,466,466,388,258,364,318,,,,,
5,10/25/2016,ENK1029E,563,563,327,167,392,374,,,,,
6,10/24/2016,ENK1029E,499,499,222,220,342,161,,,,,
7,10/23/2016,ENK1029E,218,218,297,153,220,159,,,,,
8,10/22/2016,ENK1029E,222,222,394,237,216,196,,,,,
9,10/21/2016,ENK1029E,200,200,275,218,174,171,,,,,
10,10/20/2016,ENK1029E,84,84,195,160,211,196,,,,,
11,10/19/2016,ENK1029E,95,95,230,140,138,187,,,,,
12,10/18/2016,ENK1029E,96,96,166,93,105,324,58,,,,
13,10/17/2016,ENK1029E,118,118,115,148,213,142,77,,,,
14,10/16/2016,ENK1029E,76,76,142,112,110,126,39,,,,
15,10/15/2016,ENK1029E,60,60,96,124,82,137,46,,,,
16,10/14/2016,ENK1029E,50,50,100,118,66,137,48,,,,
17,10/13/2016,ENK1029E,129,129,82,127,88,64,23,,,,
18,10/12/2016,ENK1029E,156,156,68,96,82,158,55,78,,,
19,10/11/2016,ENK1029E,197,197,64,72,192,150,85,59,,,
20,10/10/2016,ENK1029E,98,98,123,114,52,193,33,49,,,
21,10/9/2016,ENK1029E,60,60,184,80,94,94,38,38,33,,
22,10/8/2016,ENK1029E,78,78,194,128,82,156,19,50,43,44,
23,10/7/2016,ENK1029E,99,99,91,112,60,116,33,59,61,26,
24,10/6/2016,ENK1029E,101,101,82,101,66,60,32,67,21,49,63
25,10/5/2016,ENK1029E,104,104,132,62,112,102,27,77,42,29,21
26,10/4/2016,ENK1029E,84,84,110,38,126,98,32,66,19,24,28
27,10/3/2016,ENK1029E,76,76,110,72,156,110,14,78,41,30,15
28,10/2/2016,ENK1029E,17,17,105,84,60,144,37,73,64,34,39
29,10/1/2016,ENK1029E,26,26,146,118,70,110,29,98,59,68,22
30,9/30/2016,ENK1029E,42,42,166,110,48,120,25,68,65,20,21
31,9/29/2016,ENK1029E,34,12505,12846,13001,11464,12469,8540,10228,9933,9740,9713
32,9/28/2016,ENK1029E,96,,,,,,,,,,
33,9/27/2016,ENK1029E,485,,,,,,,,,,
34,9/26/2016,ENK1029E,124,,,,,,,,,,
35,9/25/2016,ENK1029E,50,,,,,,,,,,
36,9/24/2016,ENK1029E,54,,,,,,,,,,
37,9/23/2016,ENK1029E,181,,,,,,,,,,
38,9/22/2016,ENK1029E,308,,,,,,,,,,
39,9/21/2016,ENK1029E,147,,,,,,,,,,
40,9/20/2016,ENK1029E,700,,,,,,,,,,
41,9/19/2016,ENK1029E,29,,,,,,,,,,
42,9/18/2016,ENK1029E,2,,,,,,,,,,
43,9/17/2016,ENK1029E,2,,,,,,,,,,
44,9/16/2016,ENK1029E,26,,,,,,,,,,
45,9/15/2016,ENK1029E,60,,,,,,,,,,
46,9/14/2016,ENK1029E,56,,,,,,,,,,
47,9/13/2016,ENK1029E,59,,,,,,,,,,
48,9/12/2016,ENK1029E,34,,,,,,,,,,
49,9/11/2016,ENK1029E,2,,,,,,,,,,
50,9/10/2016,ENK1029E,2,,,,,,,,,,
51,9/9/2016,ENK1029E,50,,,,,,,,,,
52,9/8/2016,ENK1029E,66,,,,,,,,,,
53,9/7/2016,ENK1029E,88,,,,,,,,,,
54,9/6/2016,ENK1029E,49,,,,,,,,,,
55,9/5/2016,ENK1029E,2,,,,,,,,,,
56,9/3/2016,ENK1029E,2,,,,,,,,,,
57,9/2/2016,ENK1029E,24,,,,,,,,,,
58,9/1/2016,ENK1029E,58,,,,,,,,,,
59,8/31/2016,ENK1029E,31,,,,,,,,,,
60,8/30/2016,ENK1029E,58,,,,,,,,,,
61,8/29/2016,ENK1029E,74,,,,,,,,,,
62,8/27/2016,ENK1029E,10,,,,,,,,,,
63,8/26/2016,ENK1029E,30,,,,,,,,,,
64,8/25/2016,ENK1029E,17,,,,,,,,,,
65,8/24/2016,ENK1029E,63,,,,,,,,,,
66,8/23/2016,ENK1029E,8,,,,,,,,,,
67,8/19/2016,ENK1029E,8,,,,,,,,,,
68,8/18/2016,ENK1029E,13,,,,,,,,,,
69,8/17/2016,ENK1029E,10,,,,,,,,,,
70,8/16/2016,ENK1029E,6,,,,,,,,,,
71,8/15/2016,ENK1029E,8,,,,,,,,,,
72,8/12/2016,ENK1029E,10,,,,,,,,,,
73,8/11/2016,ENK1029E,12,,,,,,,,,,
74,8/10/2016,ENK1029E,11,,,,,,,,,,
75,8/9/2016,ENK1029E,8,,,,,,,,,,
76,8/8/2016,ENK1029E,10,,,,,,,,,,
77,8/7/2016,ENK1029E,2,,,,,,,,,,
78,8/6/2016,ENK1029E,2,,,,,,,,,,
79,8/5/2016,ENK1029E,16,,,,,,,,,,
80,8/4/2016,ENK1029E,18,,,,,,,,,,
81,8/3/2016,ENK1029E,14,,,,,,,,,,
82,8/2/2016,ENK1029E,12,,,,,,,,,,
83,8/1/2016,ENK1029E,44,,,,,,,,,,
84,7/31/2016,ENK1029E,2,,,,,,,,,,
85,7/30/2016,ENK1029E,2,,,,,,,,,,
86,7/29/2016,ENK1029E,40,,,,,,,,,,
87,7/28/2016,ENK1029E,27,,,,,,,,,,
88,7/27/2016,ENK1029E,48,,,,,,,,,,
89,7/26/2016,ENK1029E,20,,,,,,,,,,
90,7/25/2016,ENK1029E,31,,,,,,,,,,
91,7/22/2016,ENK1029E,34,,,,,,,,,,
92,7/21/2016,ENK1029E,29,,,,,,,,,,
93,7/20/2016,ENK1029E,4,,,,,,,,,,
94,7/19/2016,ENK1029E,17,,,,,,,,,,
95,7/18/2016,ENK1029E,28,,,,,,,,,,
96,7/15/2016,ENK1029E,18,,,,,,,,,,
97,7/14/2016,ENK1029E,16,,,,,,,,,,
98,7/13/2016,ENK1029E,22,,,,,,,,,,
99,7/12/2016,ENK1029E,32,,,,,,,,,,
100,7/11/2016,ENK1029E,24,,,,,,,,,,
101,7/10/2016,ENK1029E,2,,,,,,,,,,
102,7/8/2016,ENK1029E,36,,,,,,,,,,
103,7/7/2016,ENK1029E,27,,,,,,,,,,
104,7/6/2016,ENK1029E,43,,,,,,,,,,
105,7/5/2016,ENK1029E,44,,,,,,,,,,
106,7/4/2016,ENK1029E,2,,,,,,,,,,
107,7/3/2016,ENK1029E,16,,,,,,,,,,
108,7/2/2016,ENK1029E,2,,,,,,,,,,
109,7/1/2016,ENK1029E,35,,,,,,,,,,
110,6/30/2016,ENK1029E,59,,,,,,,,,,
111,6/29/2016,ENK1029E,64,,,,,,,,,,
112,6/28/2016,ENK1029E,182,,,,,,,,,,
113,6/27/2016,ENK1029E,37,,,,,,,,,,
114,6/25/2016,ENK1029E,2,,,,,,,,,,
115,6/24/2016,ENK1029E,61,,,,,,,,,,
116,6/23/2016,ENK1029E,65,,,,,,,,,,
117,6/22/2016,ENK1029E,76,,,,,,,,,,
118,6/21/2016,ENK1029E,34,,,,,,,,,,
119,6/20/2016,ENK1029E,12,,,,,,,,,,
120,6/18/2016,ENK1029E,8,,,,,,,,,,
121,6/17/2016,ENK1029E,17,,,,,,,,,,
122,6/16/2016,ENK1029E,29,,,,,,,,,,
123,6/15/2016,ENK1029E,76,,,,,,,,,,
124,6/14/2016,ENK1029E,36,,,,,,,,,,
125,6/13/2016,ENK1029E,28,,,,,,,,,,
126,6/10/2016,ENK1029E,38,,,,,,,,,,
127,6/9/2016,ENK1029E,106,,,,,,,,,,
128,6/8/2016,ENK1029E,21,,,,,,,,,,
129,6/7/2016,ENK1029E,70,,,,,,,,,,
130,6/6/2016,ENK1029E,621,,,,,,,,,,
131,6/5/2016,ENK1029E,16,,,,,,,,,,
132,6/4/2016,ENK1029E,12,,,,,,,,,,
133,6/3/2016,ENK1029E,360,,,,,,,,,,
134,6/2/2016,ENK1029E,233,,,,,,,,,,
135,6/1/2016,ENK1029E,14,,,,,,,,,,
136,5/31/2016,ENK1029E,22,,,,,,,,,,
137,5/26/2016,ENK1029E,18,,,,,,,,,,
138,5/25/2016,ENK1029E,30,,,,,,,,,,
139,5/24/2016,ENK1029E,24,,,,,,,,,,
140,5/23/2016,ENK1029E,11,,,,,,,,,,
141,5/21/2016,ENK1029E,8,,,,,,,,,,
142,5/20/2016,ENK1029E,4,,,,,,,,,,
143,5/19/2016,ENK1029E,20,,,,,,,,,,
144,5/18/2016,ENK1029E,25,,,,,,,,,,
145,5/17/2016,ENK1029E,78,,,,,,,,,,
146,5/16/2016,ENK1029E,33,,,,,,,,,,
147,5/13/2016,ENK1029E,52,,,,,,,,,,
148,5/12/2016,ENK1029E,115,,,,,,,,,,
149,5/11/2016,ENK1029E,44,,,,,,,,,,
150,5/10/2016,ENK1029E,99,,,,,,,,,,
151,5/9/2016,ENK1029E,116,,,,,,,,,,
152,5/8/2016,ENK1029E,6,,,,,,,,,,
153,5/7/2016,ENK1029E,40,,,,,,,,,,
154,5/6/2016,ENK1029E,873,,,,,,,,,,
155,5/5/2016,ENK1029E,686,,,,,,,,,,
156,5/4/2016,ENK1029E,298,,,,,,,,,,
157,5/3/2016,ENK1029E,398,,,,,,,,,,
158,5/2/2016,ENK1029E,275,,,,,,,,,,
159,5/1/2016,ENK1029E,104,,,,,,,,,,
160,4/30/2016,ENK1029E,38,,,,,,,,,,
161,4/29/2016,ENK1029E,219,,,,,,,,,,
162,4/28/2016,ENK1029E,234,,,,,,,,,,
163,4/27/2016,ENK1029E,185,,,,,,,,,,
164,4/26/2016,ENK1029E,144,,,,,,,,,,
165,4/25/2016,ENK1029E,163,,,,,,,,,,
166,4/24/2016,ENK1029E,32,,,,,,,,,,
167,4/23/2016,ENK1029E,17,,,,,,,,,,
168,4/22/2016,ENK1029E,81,,,,,,,,,,
169,4/21/2016,ENK1029E,110,,,,,,,,,,
170,4/20/2016,ENK1029E,220,,,,,,,,,,
171,4/19/2016,ENK1029E,73,,,,,,,,,,
172,4/18/2016,ENK1029E,58,,,,,,,,,,
173,4/17/2016,ENK1029E,20,,,,,,,,,,
174,4/16/2016,ENK1029E,15,,,,,,,,,,
175,4/15/2016,ENK1029E,94,,,,,,,,,,
176,4/14/2016,ENK1029E,34,,,,,,,,,,
177,4/13/2016,ENK1029E,57,,,,,,,,,,
178,4/12/2016,ENK1029E,33,,,,,,,,,,
179,4/11/2016,ENK1029E,78,,,,,,,,,,
180,4/10/2016,ENK1029E,29,,,,,,,,,,
181,4/9/2016,ENK1029E,29,,,,,,,,,,
182,4/8/2016,ENK1029E,105,,,,,,,,,,
183,4/7/2016,ENK1029E,154,,,,,,,,,,
184,4/6/2016,ENK1029E,104,,,,,,,,,,
185,4/5/2016,ENK1029E,119,,,,,,,,,,
186,4/4/2016,ENK1029E,109,,,,,,,,,,
187,4/3/2016,ENK1029E,60,,,,,,,,,,
188,4/2/2016,ENK1029E,56,,,,,,,,,,
189,4/1/2016,ENK1029E,293,,,,,,,,,,
190,11/8/2016,ENK1102E,322,322,,,,,,,,,
191,11/2/2016,ENK1102E,911,911,,,,,,,,,
192,11/1/2016,ENK1102E,875,875,,,,,,,,,
193,10/31/2016,ENK1102E,630,630,,,,,,,,,
194,10/30/2016,ENK1102E,388,388,,,,,,,,,
195,10/29/2016,ENK1102E,327,327,,,,,,,,,
196,10/28/2016,ENK1102E,222,222,,,,,,,,,
197,10/27/2016,ENK1102E,297,297,,,,,,,,,
198,10/26/2016,ENK1102E,394,394,,,,,,,,,
199,10/25/2016,ENK1102E,275,275,,,,,,,,,
200,10/24/2016,ENK1102E,195,195,,,,,,,,,
201,10/23/2016,ENK1102E,230,230,,,,,,,,,
202,10/22/2016,ENK1102E,166,166,,,,,,,,,
203,10/21/2016,ENK1102E,115,115,,,,,,,,,
204,10/20/2016,ENK1102E,142,142,,,,,,,,,
205,10/19/2016,ENK1102E,96,96,,,,,,,,,
206,10/18/2016,ENK1102E,100,100,,,,,,,,,
207,10/17/2016,ENK1102E,82,82,,,,,,,,,
208,10/16/2016,ENK1102E,68,68,,,,,,,,,
209,10/15/2016,ENK1102E,64,64,,,,,,,,,
210,10/14/2016,ENK1102E,123,123,,,,,,,,,
211,10/13/2016,ENK1102E,184,184,,,,,,,,,
212,10/12/2016,ENK1102E,194,194,,,,,,,,,
213,10/11/2016,ENK1102E,91,91,,,,,,,,,
214,10/10/2016,ENK1102E,82,82,,,,,,,,,
215,10/9/2016,ENK1102E,132,132,,,,,,,,,
216,10/8/2016,ENK1102E,110,110,,,,,,,,,
217,10/7/2016,ENK1102E,110,110,,,,,,,,,
218,10/6/2016,ENK1102E,105,105,,,,,,,,,
219,10/5/2016,ENK1102E,146,146,,,,,,,,,
220,10/4/2016,ENK1102E,166,166,,,,,,,,,
221,10/3/2016,ENK1102E,41,41,,,,,,,,,
222,10/2/2016,ENK1102E,86,12846,,,,,,,,,
223,10/1/2016,ENK1102E,48,,,,,,,,,,
224,9/30/2016,ENK1102E,85,,,,,,,,,,
225,9/29/2016,ENK1102E,89,,,,,,,,,,
226,9/28/2016,ENK1102E,188,,,,,,,,,,
227,9/27/2016,ENK1102E,725,,,,,,,,,,
228,9/26/2016,ENK1102E,338,,,,,,,,,,
229,9/25/2016,ENK1102E,52,,,,,,,,,,
230,9/24/2016,ENK1102E,31,,,,,,,,,,
231,9/23/2016,ENK1102E,196,,,,,,,,,,
232,9/22/2016,ENK1102E,364,,,,,,,,,,
233,9/21/2016,ENK1102E,140,,,,,,,,,,
234,9/20/2016,ENK1102E,220,,,,,,,,,,
235,9/19/2016,ENK1102E,7,,,,,,,,,,
236,9/17/2016,ENK1102E,6,,,,,,,,,,
237,9/16/2016,ENK1102E,18,,,,,,,,,,
238,9/15/2016,ENK1102E,32,,,,,,,,,,
239,9/14/2016,ENK1102E,18,,,,,,,,,,
240,9/13/2016,ENK1102E,31,,,,,,,,,,
241,9/12/2016,ENK1102E,30,,,,,,,,,,
242,9/11/2016,ENK1102E,4,,,,,,,,,,
243,9/10/2016,ENK1102E,6,,,,,,,,,,
244,9/9/2016,ENK1102E,45,,,,,,,,,,
245,9/8/2016,ENK1102E,65,,,,,,,,,,
246,9/7/2016,ENK1102E,95,,,,,,,,,,
247,9/6/2016,ENK1102E,86,,,,,,,,,,
248,9/5/2016,ENK1102E,2,,,,,,,,,,
249,9/2/2016,ENK1102E,27,,,,,,,,,,
250,9/1/2016,ENK1102E,48,,,,,,,,,,
251,8/31/2016,ENK1102E,27,,,,,,,,,,
252,8/30/2016,ENK1102E,50,,,,,,,,,,
253,8/29/2016,ENK1102E,92,,,,,,,,,,
254,8/26/2016,ENK1102E,20,,,,,,,,,,
255,8/25/2016,ENK1102E,28,,,,,,,,,,
256,8/24/2016,ENK1102E,115,,,,,,,,,,
257,8/23/2016,ENK1102E,8,,,,,,,,,,
258,8/19/2016,ENK1102E,8,,,,,,,,,,
259,8/18/2016,ENK1102E,13,,,,,,,,,,
260,8/17/2016,ENK1102E,10,,,,,,,,,,
261,8/16/2016,ENK1102E,6,,,,,,,,,,
262,8/15/2016,ENK1102E,8,,,,,,,,,,
263,8/12/2016,ENK1102E,10,,,,,,,,,,
264,8/11/2016,ENK1102E,12,,,,,,,,,,
265,8/10/2016,ENK1102E,11,,,,,,,,,,
266,8/9/2016,ENK1102E,8,,,,,,,,,,
267,8/8/2016,ENK1102E,10,,,,,,,,,,
268,8/7/2016,ENK1102E,2,,,,,,,,,,
269,8/6/2016,ENK1102E,2,,,,,,,,,,
270,8/5/2016,ENK1102E,16,,,,,,,,,,
271,8/4/2016,ENK1102E,18,,,,,,,,,,
272,8/3/2016,ENK1102E,14,,,,,,,,,,
273,8/2/2016,ENK1102E,12,,,,,,,,,,
274,8/1/2016,ENK1102E,44,,,,,,,,,,
275,7/31/2016,ENK1102E,2,,,,,,,,,,
276,7/30/2016,ENK1102E,2,,,,,,,,,,
277,7/29/2016,ENK1102E,40,,,,,,,,,,
278,7/28/2016,ENK1102E,27,,,,,,,,,,
279,7/27/2016,ENK1102E,48,,,,,,,,,,
280,7/26/2016,ENK1102E,20,,,,,,,,,,
281,7/25/2016,ENK1102E,31,,,,,,,,,,
282,7/22/2016,ENK1102E,34,,,,,,,,,,
283,7/21/2016,ENK1102E,29,,,,,,,,,,
284,7/20/2016,ENK1102E,4,,,,,,,,,,
285,7/19/2016,ENK1102E,17,,,,,,,,,,
286,7/18/2016,ENK1102E,28,,,,,,,,,,
287,7/15/2016,ENK1102E,18,,,,,,,,,,
288,7/14/2016,ENK1102E,16,,,,,,,,,,
289,7/13/2016,ENK1102E,22,,,,,,,,,,
290,7/12/2016,ENK1102E,32,,,,,,,,,,
291,7/11/2016,ENK1102E,24,,,,,,,,,,
292,7/10/2016,ENK1102E,2,,,,,,,,,,
293,7/8/2016,ENK1102E,36,,,,,,,,,,
294,7/7/2016,ENK1102E,27,,,,,,,,,,
295,7/6/2016,ENK1102E,43,,,,,,,,,,
296,7/5/2016,ENK1102E,44,,,,,,,,,,
297,7/4/2016,ENK1102E,2,,,,,,,,,,
298,7/3/2016,ENK1102E,16,,,,,,,,,,
299,7/2/2016,ENK1102E,2,,,,,,,,,,
300,7/1/2016,ENK1102E,35,,,,,,,,,,
301,6/30/2016,ENK1102E,59,,,,,,,,,,
302,6/29/2016,ENK1102E,64,,,,,,,,,,
303,6/28/2016,ENK1102E,182,,,,,,,,,,
304,6/27/2016,ENK1102E,37,,,,,,,,,,
305,6/25/2016,ENK1102E,2,,,,,,,,,,
306,6/24/2016,ENK1102E,61,,,,,,,,,,
307,6/23/2016,ENK1102E,65,,,,,,,,,,
308,6/22/2016,ENK1102E,76,,,,,,,,,,
309,6/21/2016,ENK1102E,34,,,,,,,,,,
310,6/20/2016,ENK1102E,12,,,,,,,,,,
311,6/18/2016,ENK1102E,8,,,,,,,,,,
312,6/17/2016,ENK1102E,17,,,,,,,,,,
313,6/16/2016,ENK1102E,29,,,,,,,,,,
314,6/15/2016,ENK1102E,76,,,,,,,,,,
315,6/14/2016,ENK1102E,36,,,,,,,,,,
316,6/13/2016,ENK1102E,28,,,,,,,,,,
317,6/10/2016,ENK1102E,38,,,,,,,,,,
318,6/9/2016,ENK1102E,106,,,,,,,,,,
319,6/8/2016,ENK1102E,21,,,,,,,,,,
320,6/7/2016,ENK1102E,70,,,,,,,,,,
321,6/6/2016,ENK1102E,621,,,,,,,,,,
322,6/5/2016,ENK1102E,16,,,,,,,,,,
323,6/4/2016,ENK1102E,12,,,,,,,,,,
324,6/3/2016,ENK1102E,360,,,,,,,,,,
325,6/2/2016,ENK1102E,233,,,,,,,,,,
326,6/1/2016,ENK1102E,14,,,,,,,,,,
327,5/31/2016,ENK1102E,22,,,,,,,,,,
328,5/26/2016,ENK1102E,18,,,,,,,,,,
329,5/25/2016,ENK1102E,30,,,,,,,,,,
330,5/24/2016,ENK1102E,24,,,,,,,,,,
331,5/23/2016,ENK1102E,11,,,,,,,,,,
332,5/21/2016,ENK1102E,8,,,,,,,,,,
333,5/20/2016,ENK1102E,4,,,,,,,,,,
334,5/19/2016,ENK1102E,20,,,,,,,,,,
335,5/18/2016,ENK1102E,25,,,,,,,,,,
336,5/17/2016,ENK1102E,78,,,,,,,,,,
337,5/16/2016,ENK1102E,33,,,,,,,,,,
338,5/13/2016,ENK1102E,52,,,,,,,,,,
339,5/12/2016,ENK1102E,115,,,,,,,,,,
340,5/11/2016,ENK1102E,44,,,,,,,,,,
341,5/10/2016,ENK1102E,99,,,,,,,,,,
342,5/9/2016,ENK1102E,116,,,,,,,,,,
343,5/8/2016,ENK1102E,6,,,,,,,,,,
344,5/7/2016,ENK1102E,40,,,,,,,,,,
345,5/6/2016,ENK1102E,873,,,,,,,,,,
346,5/5/2016,ENK1102E,686,,,,,,,,,,
347,5/4/2016,ENK1102E,298,,,,,,,,,,
348,5/3/2016,ENK1102E,398,,,,,,,,,,
349,5/2/2016,ENK1102E,275,,,,,,,,,,
350,5/1/2016,ENK1102E,104,,,,,,,,,,
351,4/30/2016,ENK1102E,38,,,,,,,,,,
352,4/29/2016,ENK1102E,219,,,,,,,,,,
353,4/28/2016,ENK1102E,234,,,,,,,,,,
354,4/27/2016,ENK1102E,185,,,,,,,,,,
355,4/26/2016,ENK1102E,144,,,,,,,,,,
356,4/25/2016,ENK1102E,163,,,,,,,,,,
357,4/24/2016,ENK1102E,32,,,,,,,,,,
358,4/23/2016,ENK1102E,17,,,,,,,,,,
359,4/22/2016,ENK1102E,81,,,,,,,,,,
360,4/21/2016,ENK1102E,110,,,,,,,,,,
361,4/20/2016,ENK1102E,220,,,,,,,,,,
362,4/19/2016,ENK1102E,73,,,,,,,,,,
363,4/18/2016,ENK1102E,58,,,,,,,,,,
364,4/17/2016,ENK1102E,20,,,,,,,,,,
365,4/16/2016,ENK1102E,15,,,,,,,,,,
366,4/15/2016,ENK1102E,94,,,,,,,,,,
367,4/14/2016,ENK1102E,34,,,,,,,,,,
368,4/13/2016,ENK1102E,57,,,,,,,,,,
369,4/12/2016,ENK1102E,33,,,,,,,,,,
370,4/11/2016,ENK1102E,78,,,,,,,,,,
371,4/10/2016,ENK1102E,29,,,,,,,,,,
372,4/9/2016,ENK1102E,29,,,,,,,,,,
373,4/8/2016,ENK1102E,105,,,,,,,,,,
374,4/7/2016,ENK1102E,154,,,,,,,,,,
375,4/6/2016,ENK1102E,104,,,,,,,,,,
376,4/5/2016,ENK1102E,119,,,,,,,,,,
377,4/4/2016,ENK1102E,109,,,,,,,,,,
378,4/3/2016,ENK1102E,60,,,,,,,,,,
379,4/2/2016,ENK1102E,56,,,,,,,,,,
380,4/1/2016,ENK1102E,293,,,,,,,,,,
381,11/8/2016,ENK1106M,115,,,,,,,,,,
382,11/6/2016,ENK1106M,991,991,,,,,,,,,
383,11/5/2016,ENK1106M,848,848,,,,,,,,,
384,11/4/2016,ENK1106M,530,530,,,,,,,,,
385,11/3/2016,ENK1106M,364,364,,,,,,,,,
386,11/2/2016,ENK1106M,392,392,,,,,,,,,
387,11/1/2016,ENK1106M,342,342,,,,,,,,,
388,10/31/2016,ENK1106M,220,220,,,,,,,,,
389,10/30/2016,ENK1106M,216,216,,,,,,,,,
390,10/29/2016,ENK1106M,174,174,,,,,,,,,
391,10/28/2016,ENK1106M,211,211,,,,,,,,,
392,10/27/2016,ENK1106M,138,138,,,,,,,,,
393,10/26/2016,ENK1106M,105,105,,,,,,,,,
394,10/25/2016,ENK1106M,213,213,,,,,,,,,
395,10/24/2016,ENK1106M,110,110,,,,,,,,,
396,10/23/2016,ENK1106M,82,82,,,,,,,,,
397,10/22/2016,ENK1106M,66,66,,,,,,,,,
398,10/21/2016,ENK1106M,88,88,,,,,,,,,
399,10/20/2016,ENK1106M,82,82,,,,,,,,,
400,10/19/2016,ENK1106M,192,192,,,,,,,,,
401,10/18/2016,ENK1106M,52,52,,,,,,,,,
402,10/17/2016,ENK1106M,94,94,,,,,,,,,
403,10/16/2016,ENK1106M,82,82,,,,,,,,,
404,10/15/2016,ENK1106M,60,60,,,,,,,,,
405,10/14/2016,ENK1106M,66,66,,,,,,,,,
406,10/13/2016,ENK1106M,112,112,,,,,,,,,
407,10/12/2016,ENK1106M,126,126,,,,,,,,,
408,10/11/2016,ENK1106M,156,156,,,,,,,,,
409,10/10/2016,ENK1106M,60,60,,,,,,,,,
410,10/9/2016,ENK1106M,70,70,,,,,,,,,
411,10/8/2016,ENK1106M,48,48,,,,,,,,,
412,10/7/2016,ENK1106M,71,71,,,,,,,,,
413,10/6/2016,ENK1106M,96,11464,,,,,,,,,
414,10/5/2016,ENK1106M,66,,,,,,,,,,
415,10/4/2016,ENK1106M,80,,,,,,,,,,
416,10/3/2016,ENK1106M,64,,,,,,,,,,
417,10/2/2016,ENK1106M,27,,,,,,,,,,
418,10/1/2016,ENK1106M,58,,,,,,,,,,
419,9/30/2016,ENK1106M,32,,,,,,,,,,
420,9/29/2016,ENK1106M,53,,,,,,,,,,
421,9/28/2016,ENK1106M,112,,,,,,,,,,
422,9/27/2016,ENK1106M,248,,,,,,,,,,
423,9/26/2016,ENK1106M,58,,,,,,,,,,
424,9/25/2016,ENK1106M,6,,,,,,,,,,
425,9/24/2016,ENK1106M,38,,,,,,,,,,
426,9/23/2016,ENK1106M,68,,,,,,,,,,
427,9/22/2016,ENK1106M,102,,,,,,,,,,
428,9/21/2016,ENK1106M,71,,,,,,,,,,
429,9/20/2016,ENK1106M,98,,,,,,,,,,
430,9/19/2016,ENK1106M,12,,,,,,,,,,
431,9/18/2016,ENK1106M,2,,,,,,,,,,
432,9/17/2016,ENK1106M,2,,,,,,,,,,
433,9/16/2016,ENK1106M,26,,,,,,,,,,
434,9/15/2016,ENK1106M,60,,,,,,,,,,
435,9/14/2016,ENK1106M,45,,,,,,,,,,
436,9/13/2016,ENK1106M,46,,,,,,,,,,
437,9/12/2016,ENK1106M,34,,,,,,,,,,
438,9/11/2016,ENK1106M,2,,,,,,,,,,
439,9/10/2016,ENK1106M,2,,,,,,,,,,
440,9/9/2016,ENK1106M,34,,,,,,,,,,
441,9/8/2016,ENK1106M,66,,,,,,,,,,
442,9/7/2016,ENK1106M,88,,,,,,,,,,
443,9/6/2016,ENK1106M,49,,,,,,,,,,
444,9/5/2016,ENK1106M,2,,,,,,,,,,
445,9/3/2016,ENK1106M,2,,,,,,,,,,
446,9/2/2016,ENK1106M,24,,,,,,,,,,
447,9/1/2016,ENK1106M,53,,,,,,,,,,
448,8/31/2016,ENK1106M,31,,,,,,,,,,
449,8/30/2016,ENK1106M,38,,,,,,,,,,
450,8/29/2016,ENK1106M,74,,,,,,,,,,
451,8/26/2016,ENK1106M,9,,,,,,,,,,
452,8/25/2016,ENK1106M,17,,,,,,,,,,
453,8/24/2016,ENK1106M,43,,,,,,,,,,
454,8/23/2016,ENK1106M,8,,,,,,,,,,
455,8/19/2016,ENK1106M,8,,,,,,,,,,
456,8/18/2016,ENK1106M,13,,,,,,,,,,
457,8/17/2016,ENK1106M,10,,,,,,,,,,
458,8/16/2016,ENK1106M,6,,,,,,,,,,
459,8/15/2016,ENK1106M,8,,,,,,,,,,
460,8/12/2016,ENK1106M,10,,,,,,,,,,
461,8/11/2016,ENK1106M,12,,,,,,,,,,
462,8/10/2016,ENK1106M,11,,,,,,,,,,
463,8/9/2016,ENK1106M,8,,,,,,,,,,
464,8/8/2016,ENK1106M,10,,,,,,,,,,
465,8/7/2016,ENK1106M,2,,,,,,,,,,
466,8/6/2016,ENK1106M,2,,,,,,,,,,
467,8/5/2016,ENK1106M,16,,,,,,,,,,
468,8/4/2016,ENK1106M,18,,,,,,,,,,
469,8/3/2016,ENK1106M,14,,,,,,,,,,
470,8/2/2016,ENK1106M,12,,,,,,,,,,
471,8/1/2016,ENK1106M,44,,,,,,,,,,
472,7/31/2016,ENK1106M,2,,,,,,,,,,
473,7/30/2016,ENK1106M,2,,,,,,,,,,
474,7/29/2016,ENK1106M,40,,,,,,,,,,
475,7/28/2016,ENK1106M,27,,,,,,,,,,
476,7/27/2016,ENK1106M,48,,,,,,,,,,
477,7/26/2016,ENK1106M,20,,,,,,,,,,
478,7/25/2016,ENK1106M,31,,,,,,,,,,
479,7/22/2016,ENK1106M,34,,,,,,,,,,
480,7/21/2016,ENK1106M,29,,,,,,,,,,
481,7/20/2016,ENK1106M,4,,,,,,,,,,
482,7/19/2016,ENK1106M,17,,,,,,,,,,
483,7/18/2016,ENK1106M,28,,,,,,,,,,
484,7/15/2016,ENK1106M,18,,,,,,,,,,
485,7/14/2016,ENK1106M,16,,,,,,,,,,
486,7/13/2016,ENK1106M,22,,,,,,,,,,
487,7/12/2016,ENK1106M,30,,,,,,,,,,
488,7/11/2016,ENK1106M,24,,,,,,,,,,
489,7/10/2016,ENK1106M,2,,,,,,,,,,
490,7/8/2016,ENK1106M,36,,,,,,,,,,
491,7/7/2016,ENK1106M,27,,,,,,,,,,
492,7/6/2016,ENK1106M,43,,,,,,,,,,
493,7/5/2016,ENK1106M,44,,,,,,,,,,
494,7/4/2016,ENK1106M,2,,,,,,,,,,
495,7/3/2016,ENK1106M,16,,,,,,,,,,
496,7/2/2016,ENK1106M,2,,,,,,,,,,
497,7/1/2016,ENK1106M,35,,,,,,,,,,
498,6/30/2016,ENK1106M,59,,,,,,,,,,
499,6/29/2016,ENK1106M,64,,,,,,,,,,
500,6/28/2016,ENK1106M,182,,,,,,,,,,
501,6/27/2016,ENK1106M,37,,,,,,,,,,
502,6/25/2016,ENK1106M,2,,,,,,,,,,
503,6/24/2016,ENK1106M,61,,,,,,,,,,
504,6/23/2016,ENK1106M,65,,,,,,,,,,
505,6/22/2016,ENK1106M,76,,,,,,,,,,
506,6/21/2016,ENK1106M,34,,,,,,,,,,
507,6/20/2016,ENK1106M,12,,,,,,,,,,
508,6/18/2016,ENK1106M,8,,,,,,,,,,
509,6/17/2016,ENK1106M,17,,,,,,,,,,
510,6/16/2016,ENK1106M,29,,,,,,,,,,
511,6/15/2016,ENK1106M,76,,,,,,,,,,
512,6/14/2016,ENK1106M,36,,,,,,,,,,
513,6/13/2016,ENK1106M,28,,,,,,,,,,
514,6/10/2016,ENK1106M,38,,,,,,,,,,
515,6/9/2016,ENK1106M,106,,,,,,,,,,
516,6/8/2016,ENK1106M,21,,,,,,,,,,
517,6/7/2016,ENK1106M,70,,,,,,,,,,
518,6/6/2016,ENK1106M,621,,,,,,,,,,
519,6/5/2016,ENK1106M,16,,,,,,,,,,
520,6/4/2016,ENK1106M,12,,,,,,,,,,
521,6/3/2016,ENK1106M,356,,,,,,,,,,
522,6/2/2016,ENK1106M,233,,,,,,,,,,
523,6/1/2016,ENK1106M,14,,,,,,,,,,
524,5/31/2016,ENK1106M,22,,,,,,,,,,
525,5/26/2016,ENK1106M,18,,,,,,,,,,
526,5/25/2016,ENK1106M,30,,,,,,,,,,
527,5/24/2016,ENK1106M,24,,,,,,,,,,
528,5/23/2016,ENK1106M,11,,,,,,,,,,
529,5/21/2016,ENK1106M,8,,,,,,,,,,
530,5/20/2016,ENK1106M,4,,,,,,,,,,
531,5/19/2016,ENK1106M,20,,,,,,,,,,
532,5/18/2016,ENK1106M,25,,,,,,,,,,
533,5/17/2016,ENK1106M,78,,,,,,,,,,
534,5/16/2016,ENK1106M,33,,,,,,,,,,
535,5/13/2016,ENK1106M,52,,,,,,,,,,
536,5/12/2016,ENK1106M,115,,,,,,,,,,
537,5/11/2016,ENK1106M,44,,,,,,,,,,
538,5/10/2016,ENK1106M,99,,,,,,,,,,
539,5/9/2016,ENK1106M,116,,,,,,,,,,
540,5/8/2016,ENK1106M,6,,,,,,,,,,
541,5/7/2016,ENK1106M,40,,,,,,,,,,
542,5/6/2016,ENK1106M,873,,,,,,,,,,
543,5/5/2016,ENK1106M,686,,,,,,,,,,
544,5/4/2016,ENK1106M,298,,,,,,,,,,
545,5/3/2016,ENK1106M,398,,,,,,,,,,
546,5/2/2016,ENK1106M,275,,,,,,,,,,
547,5/1/2016,ENK1106M,104,,,,,,,,,,
548,4/30/2016,ENK1106M,38,,,,,,,,,,
549,4/29/2016,ENK1106M,219,,,,,,,,,,
550,4/28/2016,ENK1106M,234,,,,,,,,,,
551,4/27/2016,ENK1106M,185,,,,,,,,,,
552,4/26/2016,ENK1106M,144,,,,,,,,,,
553,4/25/2016,ENK1106M,163,,,,,,,,,,
554,4/24/2016,ENK1106M,32,,,,,,,,,,
555,4/23/2016,ENK1106M,17,,,,,,,,,,
556,4/22/2016,ENK1106M,81,,,,,,,,,,
557,4/21/2016,ENK1106M,110,,,,,,,,,,
558,4/20/2016,ENK1106M,220,,,,,,,,,,
559,4/19/2016,ENK1106M,73,,,,,,,,,,
560,4/18/2016,ENK1106M,58,,,,,,,,,,
561,4/17/2016,ENK1106M,20,,,,,,,,,,
562,4/16/2016,ENK1106M,15,,,,,,,,,,
563,4/15/2016,ENK1106M,94,,,,,,,,,,
564,4/14/2016,ENK1106M,34,,,,,,,,,,
565,4/13/2016,ENK1106M,57,,,,,,,,,,
566,4/12/2016,ENK1106M,33,,,,,,,,,,
567,4/11/2016,ENK1106M,78,,,,,,,,,,
568,4/10/2016,ENK1106M,29,,,,,,,,,,
569,4/9/2016,ENK1106M,29,,,,,,,,,,
570,4/8/2016,ENK1106M,105,,,,,,,,,,
571,4/7/2016,ENK1106M,154,,,,,,,,,,
572,4/6/2016,ENK1106M,104,,,,,,,,,,
573,4/5/2016,ENK1106M,119,,,,,,,,,,
574,4/4/2016,ENK1106M,109,,,,,,,,,,
575,4/3/2016,ENK1106M,60,,,,,,,,,,
576,4/2/2016,ENK1106M,56,,,,,,,,,,
577,4/1/2016,ENK1106M,293,,,,,,,,,,
578,11/9/2016,ENK1109E,1292,1292,,,,,,,,,
579,11/8/2016,ENK1109E,839,839,,,,,,,,,
580,11/7/2016,ENK1109E,480,480,,,,,,,,,
581,11/6/2016,ENK1109E,258,258,,,,,,,,,
582,11/5/2016,ENK1109E,167,167,,,,,,,,,
583,11/4/2016,ENK1109E,220,220,,,,,,,,,
584,11/3/2016,ENK1109E,153,153,,,,,,,,,
585,11/2/2016,ENK1109E,237,237,,,,,,,,,
586,11/1/2016,ENK1109E,218,218,,,,,,,,,
587,10/31/2016,ENK1109E,160,160,,,,,,,,,
588,10/30/2016,ENK1109E,140,140,,,,,,,,,
589,10/29/2016,ENK1109E,93,93,,,,,,,,,
590,10/28/2016,ENK1109E,148,148,,,,,,,,,
591,10/27/2016,ENK1109E,112,112,,,,,,,,,
592,10/26/2016,ENK1109E,124,124,,,,,,,,,
593,10/25/2016,ENK1109E,118,118,,,,,,,,,
594,10/24/2016,ENK1109E,127,127,,,,,,,,,
595,10/23/2016,ENK1109E,96,96,,,,,,,,,
596,10/22/2016,ENK1109E,72,72,,,,,,,,,
597,10/21/2016,ENK1109E,114,114,,,,,,,,,
598,10/20/2016,ENK1109E,80,80,,,,,,,,,
599,10/19/2016,ENK1109E,128,128,,,,,,,,,
600,10/18/2016,ENK1109E,112,112,,,,,,,,,
601,10/17/2016,ENK1109E,101,101,,,,,,,,,
602,10/16/2016,ENK1109E,62,62,,,,,,,,,
603,10/15/2016,ENK1109E,38,38,,,,,,,,,
604,10/14/2016,ENK1109E,72,72,,,,,,,,,
605,10/13/2016,ENK1109E,84,84,,,,,,,,,
606,10/12/2016,ENK1109E,118,118,,,,,,,,,
607,10/11/2016,ENK1109E,110,110,,,,,,,,,
608,10/10/2016,ENK1109E,113,113,,,,,,,,,
609,10/9/2016,ENK1109E,57,13001,,,,,,,,,
610,10/8/2016,ENK1109E,87,,,,,,,,,,
611,10/7/2016,ENK1109E,102,,,,,,,,,,
612,10/6/2016,ENK1109E,54,,,,,,,,,,
613,10/5/2016,ENK1109E,51,,,,,,,,,,
614,10/4/2016,ENK1109E,78,,,,,,,,,,
615,10/3/2016,ENK1109E,101,,,,,,,,,,
616,10/2/2016,ENK1109E,32,,,,,,,,,,
617,10/1/2016,ENK1109E,28,,,,,,,,,,
618,9/30/2016,ENK1109E,124,,,,,,,,,,
619,9/29/2016,ENK1109E,116,,,,,,,,,,
620,9/28/2016,ENK1109E,229,,,,,,,,,,
621,9/27/2016,ENK1109E,652,,,,,,,,,,
622,9/26/2016,ENK1109E,134,,,,,,,,,,
623,9/25/2016,ENK1109E,96,,,,,,,,,,
624,9/24/2016,ENK1109E,30,,,,,,,,,,
625,9/23/2016,ENK1109E,169,,,,,,,,,,
626,9/22/2016,ENK1109E,191,,,,,,,,,,
627,9/21/2016,ENK1109E,136,,,,,,,,,,
628,9/20/2016,ENK1109E,220,,,,,,,,,,
629,9/19/2016,ENK1109E,12,,,,,,,,,,
630,9/17/2016,ENK1109E,2,,,,,,,,,,
631,9/16/2016,ENK1109E,13,,,,,,,,,,
632,9/15/2016,ENK1109E,33,,,,,,,,,,
633,9/14/2016,ENK1109E,20,,,,,,,,,,
634,9/13/2016,ENK1109E,49,,,,,,,,,,
635,9/12/2016,ENK1109E,32,,,,,,,,,,
636,9/11/2016,ENK1109E,4,,,,,,,,,,
637,9/10/2016,ENK1109E,4,,,,,,,,,,
638,9/9/2016,ENK1109E,35,,,,,,,,,,
639,9/8/2016,ENK1109E,71,,,,,,,,,,
640,9/7/2016,ENK1109E,88,,,,,,,,,,
641,9/6/2016,ENK1109E,81,,,,,,,,,,
642,9/5/2016,ENK1109E,2,,,,,,,,,,
643,9/2/2016,ENK1109E,65,,,,,,,,,,
644,9/1/2016,ENK1109E,57,,,,,,,,,,
645,8/31/2016,ENK1109E,25,,,,,,,,,,
646,8/30/2016,ENK1109E,58,,,,,,,,,,
647,8/29/2016,ENK1109E,80,,,,,,,,,,
648,8/26/2016,ENK1109E,18,,,,,,,,,,
649,8/25/2016,ENK1109E,28,,,,,,,,,,
650,8/24/2016,ENK1109E,111,,,,,,,,,,
651,8/23/2016,ENK1109E,8,,,,,,,,,,
652,8/19/2016,ENK1109E,8,,,,,,,,,,
653,8/18/2016,ENK1109E,13,,,,,,,,,,
654,8/17/2016,ENK1109E,10,,,,,,,,,,
655,8/16/2016,ENK1109E,6,,,,,,,,,,
656,8/15/2016,ENK1109E,8,,,,,,,,,,
657,8/12/2016,ENK1109E,10,,,,,,,,,,
658,8/11/2016,ENK1109E,12,,,,,,,,,,
659,8/10/2016,ENK1109E,11,,,,,,,,,,
660,8/9/2016,ENK1109E,8,,,,,,,,,,
661,8/8/2016,ENK1109E,10,,,,,,,,,,
662,8/7/2016,ENK1109E,2,,,,,,,,,,
663,8/6/2016,ENK1109E,2,,,,,,,,,,
664,8/5/2016,ENK1109E,16,,,,,,,,,,
665,8/4/2016,ENK1109E,18,,,,,,,,,,
666,8/3/2016,ENK1109E,14,,,,,,,,,,
667,8/2/2016,ENK1109E,12,,,,,,,,,,
668,8/1/2016,ENK1109E,44,,,,,,,,,,
669,7/31/2016,ENK1109E,2,,,,,,,,,,
670,7/30/2016,ENK1109E,2,,,,,,,,,,
671,7/29/2016,ENK1109E,40,,,,,,,,,,
672,7/28/2016,ENK1109E,27,,,,,,,,,,
673,7/27/2016,ENK1109E,48,,,,,,,,,,
674,7/26/2016,ENK1109E,20,,,,,,,,,,
675,7/25/2016,ENK1109E,31,,,,,,,,,,
676,7/22/2016,ENK1109E,34,,,,,,,,,,
677,7/21/2016,ENK1109E,29,,,,,,,,,,
678,7/20/2016,ENK1109E,4,,,,,,,,,,
679,7/19/2016,ENK1109E,17,,,,,,,,,,
680,7/18/2016,ENK1109E,28,,,,,,,,,,
681,7/15/2016,ENK1109E,18,,,,,,,,,,
682,7/14/2016,ENK1109E,16,,,,,,,,,,
683,7/13/2016,ENK1109E,22,,,,,,,,,,
684,7/12/2016,ENK1109E,30,,,,,,,,,,
685,7/11/2016,ENK1109E,24,,,,,,,,,,
686,7/10/2016,ENK1109E,2,,,,,,,,,,
687,7/8/2016,ENK1109E,36,,,,,,,,,,
688,7/7/2016,ENK1109E,27,,,,,,,,,,
689,7/6/2016,ENK1109E,43,,,,,,,,,,
690,7/5/2016,ENK1109E,44,,,,,,,,,,
691,7/4/2016,ENK1109E,2,,,,,,,,,,
692,7/3/2016,ENK1109E,16,,,,,,,,,,
693,7/2/2016,ENK1109E,2,,,,,,,,,,
694,7/1/2016,ENK1109E,35,,,,,,,,,,
695,6/30/2016,ENK1109E,59,,,,,,,,,,
696,6/29/2016,ENK1109E,64,,,,,,,,,,
697,6/28/2016,ENK1109E,182,,,,,,,,,,
698,6/27/2016,ENK1109E,37,,,,,,,,,,
699,6/25/2016,ENK1109E,2,,,,,,,,,,
700,6/24/2016,ENK1109E,61,,,,,,,,,,
701,6/23/2016,ENK1109E,65,,,,,,,,,,
702,6/22/2016,ENK1109E,76,,,,,,,,,,
703,6/21/2016,ENK1109E,34,,,,,,,,,,
704,6/20/2016,ENK1109E,12,,,,,,,,,,
705,6/18/2016,ENK1109E,8,,,,,,,,,,
706,6/17/2016,ENK1109E,17,,,,,,,,,,
707,6/16/2016,ENK1109E,29,,,,,,,,,,
708,6/15/2016,ENK1109E,76,,,,,,,,,,
709,6/14/2016,ENK1109E,36,,,,,,,,,,
710,6/13/2016,ENK1109E,28,,,,,,,,,,
711,6/10/2016,ENK1109E,38,,,,,,,,,,
712,6/9/2016,ENK1109E,106,,,,,,,,,,
713,6/8/2016,ENK1109E,21,,,,,,,,,,
714,6/7/2016,ENK1109E,70,,,,,,,,,,
715,6/6/2016,ENK1109E,621,,,,,,,,,,
716,6/5/2016,ENK1109E,16,,,,,,,,,,
717,6/4/2016,ENK1109E,12,,,,,,,,,,
718,6/3/2016,ENK1109E,356,,,,,,,,,,
719,6/2/2016,ENK1109E,233,,,,,,,,,,
720,6/1/2016,ENK1109E,14,,,,,,,,,,
721,5/31/2016,ENK1109E,22,,,,,,,,,,
722,5/26/2016,ENK1109E,18,,,,,,,,,,
723,5/25/2016,ENK1109E,30,,,,,,,,,,
724,5/24/2016,ENK1109E,24,,,,,,,,,,
725,5/23/2016,ENK1109E,11,,,,,,,,,,
726,5/21/2016,ENK1109E,8,,,,,,,,,,
727,5/20/2016,ENK1109E,4,,,,,,,,,,
728,5/19/2016,ENK1109E,20,,,,,,,,,,
729,5/18/2016,ENK1109E,25,,,,,,,,,,
730,5/17/2016,ENK1109E,78,,,,,,,,,,
731,5/16/2016,ENK1109E,33,,,,,,,,,,
732,5/13/2016,ENK1109E,52,,,,,,,,,,
733,5/12/2016,ENK1109E,115,,,,,,,,,,
734,5/11/2016,ENK1109E,44,,,,,,,,,,
735,5/10/2016,ENK1109E,99,,,,,,,,,,
736,5/9/2016,ENK1109E,116,,,,,,,,,,
737,5/8/2016,ENK1109E,6,,,,,,,,,,
738,5/7/2016,ENK1109E,40,,,,,,,,,,
739,5/6/2016,ENK1109E,873,,,,,,,,,,
740,5/5/2016,ENK1109E,686,,,,,,,,,,
741,5/4/2016,ENK1109E,298,,,,,,,,,,
742,5/3/2016,ENK1109E,398,,,,,,,,,,
743,5/2/2016,ENK1109E,275,,,,,,,,,,
744,5/1/2016,ENK1109E,104,,,,,,,,,,
745,4/30/2016,ENK1109E,38,,,,,,,,,,
746,4/29/2016,ENK1109E,219,,,,,,,,,,
747,4/28/2016,ENK1109E,234,,,,,,,,,,
748,4/27/2016,ENK1109E,185,,,,,,,,,,
749,4/26/2016,ENK1109E,144,,,,,,,,,,
750,4/25/2016,ENK1109E,163,,,,,,,,,,
751,4/24/2016,ENK1109E,32,,,,,,,,,,
752,4/23/2016,ENK1109E,17,,,,,,,,,,
753,4/22/2016,ENK1109E,81,,,,,,,,,,
754,4/21/2016,ENK1109E,110,,,,,,,,,,
755,4/20/2016,ENK1109E,220,,,,,,,,,,
756,4/19/2016,ENK1109E,73,,,,,,,,,,
757,4/18/2016,ENK1109E,58,,,,,,,,,,
758,4/17/2016,ENK1109E,20,,,,,,,,,,
759,4/16/2016,ENK1109E,15,,,,,,,,,,
760,4/15/2016,ENK1109E,94,,,,,,,,,,
761,4/14/2016,ENK1109E,34,,,,,,,,,,
762,4/13/2016,ENK1109E,57,,,,,,,,,,
763,4/12/2016,ENK1109E,33,,,,,,,,,,
764,4/11/2016,ENK1109E,78,,,,,,,,,,
765,4/10/2016,ENK1109E,29,,,,,,,,,,
766,4/9/2016,ENK1109E,29,,,,,,,,,,
767,4/8/2016,ENK1109E,105,,,,,,,,,,
768,4/7/2016,ENK1109E,154,,,,,,,,,,
769,4/6/2016,ENK1109E,104,,,,,,,,,,
770,4/5/2016,ENK1109E,119,,,,,,,,,,
771,4/4/2016,ENK1109E,109,,,,,,,,,,
772,4/3/2016,ENK1109E,60,,,,,,,,,,
773,4/2/2016,ENK1109E,56,,,,,,,,,,
774,4/1/2016,ENK1109E,293,,,,,,,,,,
775,11/15/2016,ENK1114E,14,,,,,,,,,,
776,11/14/2016,ENK1114E,2016,2016,,,,,,,,,
777,11/13/2016,ENK1114E,283,283,,,,,,,,,
778,11/12/2016,ENK1114E,356,356,,,,,,,,,
779,11/11/2016,ENK1114E,318,318,,,,,,,,,
780,11/10/2016,ENK1114E,374,374,,,,,,,,,
781,11/9/2016,ENK1114E,161,161,,,,,,,,,
782,11/8/2016,ENK1114E,159,159,,,,,,,,,
783,11/7/2016,ENK1114E,196,196,,,,,,,,,
784,11/6/2016,ENK1114E,171,171,,,,,,,,,
785,11/5/2016,ENK1114E,196,196,,,,,,,,,
786,11/4/2016,ENK1114E,187,187,,,,,,,,,
787,11/3/2016,ENK1114E,324,324,,,,,,,,,
788,11/2/2016,ENK1114E,142,142,,,,,,,,,
789,11/1/2016,ENK1114E,126,126,,,,,,,,,
790,10/31/2016,ENK1114E,137,137,,,,,,,,,
791,10/30/2016,ENK1114E,137,137,,,,,,,,,
792,10/29/2016,ENK1114E,64,64,,,,,,,,,
793,10/28/2016,ENK1114E,158,158,,,,,,,,,
794,10/27/2016,ENK1114E,150,150,,,,,,,,,
795,10/26/2016,ENK1114E,193,193,,,,,,,,,
796,10/25/2016,ENK1114E,94,94,,,,,,,,,
797,10/24/2016,ENK1114E,156,156,,,,,,,,,
798,10/23/2016,ENK1114E,116,116,,,,,,,,,
799,10/22/2016,ENK1114E,60,60,,,,,,,,,
800,10/21/2016,ENK1114E,102,102,,,,,,,,,
801,10/20/2016,ENK1114E,98,98,,,,,,,,,
802,10/19/2016,ENK1114E,110,110,,,,,,,,,
803,10/18/2016,ENK1114E,144,144,,,,,,,,,
804,10/17/2016,ENK1114E,110,110,,,,,,,,,
805,10/16/2016,ENK1114E,120,120,,,,,,,,,
806,10/15/2016,ENK1114E,90,90,,,,,,,,,
807,10/14/2016,ENK1114E,82,12469,,,,,,,,,
808,10/13/2016,ENK1114E,87,,,,,,,,,,
809,10/12/2016,ENK1114E,62,,,,,,,,,,
810,10/11/2016,ENK1114E,129,,,,,,,,,,
811,10/10/2016,ENK1114E,88,,,,,,,,,,
812,10/9/2016,ENK1114E,137,,,,,,,,,,
813,10/8/2016,ENK1114E,50,,,,,,,,,,
814,10/7/2016,ENK1114E,98,,,,,,,,,,
815,10/6/2016,ENK1114E,90,,,,,,,,,,
816,10/5/2016,ENK1114E,122,,,,,,,,,,
817,10/4/2016,ENK1114E,118,,,,,,,,,,
818,10/3/2016,ENK1114E,83,,,,,,,,,,
819,10/2/2016,ENK1114E,87,,,,,,,,,,
820,10/1/2016,ENK1114E,70,,,,,,,,,,
821,9/30/2016,ENK1114E,75,,,,,,,,,,
822,9/29/2016,ENK1114E,87,,,,,,,,,,
823,9/28/2016,ENK1114E,140,,,,,,,,,,
824,9/27/2016,ENK1114E,345,,,,,,,,,,
825,9/26/2016,ENK1114E,111,,,,,,,,,,
826,9/25/2016,ENK1114E,52,,,,,,,,,,
827,9/24/2016,ENK1114E,40,,,,,,,,,,
828,9/23/2016,ENK1114E,102,,,,,,,,,,
829,9/22/2016,ENK1114E,79,,,,,,,,,,
830,9/21/2016,ENK1114E,66,,,,,,,,,,
831,9/20/2016,ENK1114E,108,,,,,,,,,,
832,9/19/2016,ENK1114E,8,,,,,,,,,,
833,9/16/2016,ENK1114E,34,,,,,,,,,,
834,9/15/2016,ENK1114E,59,,,,,,,,,,
835,9/14/2016,ENK1114E,24,,,,,,,,,,
836,9/13/2016,ENK1114E,17,,,,,,,,,,
837,9/12/2016,ENK1114E,23,,,,,,,,,,
838,9/9/2016,ENK1114E,34,,,,,,,,,,
839,9/8/2016,ENK1114E,51,,,,,,,,,,
840,9/7/2016,ENK1114E,34,,,,,,,,,,
841,9/6/2016,ENK1114E,28,,,,,,,,,,
842,9/5/2016,ENK1114E,2,,,,,,,,,,
843,9/2/2016,ENK1114E,18,,,,,,,,,,
844,9/1/2016,ENK1114E,27,,,,,,,,,,
845,8/31/2016,ENK1114E,10,,,,,,,,,,
846,8/30/2016,ENK1114E,54,,,,,,,,,,
847,8/29/2016,ENK1114E,49,,,,,,,,,,
848,8/26/2016,ENK1114E,9,,,,,,,,,,
849,8/25/2016,ENK1114E,13,,,,,,,,,,
850,8/24/2016,ENK1114E,43,,,,,,,,,,
851,8/23/2016,ENK1114E,8,,,,,,,,,,
852,8/19/2016,ENK1114E,8,,,,,,,,,,
853,8/18/2016,ENK1114E,13,,,,,,,,,,
854,8/17/2016,ENK1114E,10,,,,,,,,,,
855,8/16/2016,ENK1114E,6,,,,,,,,,,
856,8/15/2016,ENK1114E,8,,,,,,,,,,
857,8/12/2016,ENK1114E,10,,,,,,,,,,
858,8/11/2016,ENK1114E,12,,,,,,,,,,
859,8/10/2016,ENK1114E,11,,,,,,,,,,
860,8/9/2016,ENK1114E,8,,,,,,,,,,
861,8/8/2016,ENK1114E,10,,,,,,,,,,
862,8/7/2016,ENK1114E,2,,,,,,,,,,
863,8/6/2016,ENK1114E,2,,,,,,,,,,
864,8/5/2016,ENK1114E,16,,,,,,,,,,
865,8/4/2016,ENK1114E,18,,,,,,,,,,
866,8/3/2016,ENK1114E,14,,,,,,,,,,
867,8/2/2016,ENK1114E,12,,,,,,,,,,
868,8/1/2016,ENK1114E,44,,,,,,,,,,
869,7/31/2016,ENK1114E,2,,,,,,,,,,
870,7/30/2016,ENK1114E,2,,,,,,,,,,
871,7/29/2016,ENK1114E,40,,,,,,,,,,
872,7/28/2016,ENK1114E,27,,,,,,,,,,
873,7/27/2016,ENK1114E,48,,,,,,,,,,
874,7/26/2016,ENK1114E,20,,,,,,,,,,
875,7/25/2016,ENK1114E,31,,,,,,,,,,
876,7/22/2016,ENK1114E,34,,,,,,,,,,
877,7/21/2016,ENK1114E,29,,,,,,,,,,
878,7/20/2016,ENK1114E,4,,,,,,,,,,
879,7/19/2016,ENK1114E,17,,,,,,,,,,
880,7/18/2016,ENK1114E,28,,,,,,,,,,
881,7/15/2016,ENK1114E,18,,,,,,,,,,
882,7/14/2016,ENK1114E,16,,,,,,,,,,
883,7/13/2016,ENK1114E,22,,,,,,,,,,
884,7/12/2016,ENK1114E,30,,,,,,,,,,
885,7/11/2016,ENK1114E,24,,,,,,,,,,
886,7/10/2016,ENK1114E,2,,,,,,,,,,
887,7/8/2016,ENK1114E,36,,,,,,,,,,
888,7/7/2016,ENK1114E,27,,,,,,,,,,
889,7/6/2016,ENK1114E,43,,,,,,,,,,
890,7/5/2016,ENK1114E,44,,,,,,,,,,
891,7/4/2016,ENK1114E,2,,,,,,,,,,
892,7/3/2016,ENK1114E,16,,,,,,,,,,
893,7/2/2016,ENK1114E,2,,,,,,,,,,
894,7/1/2016,ENK1114E,35,,,,,,,,,,
895,6/30/2016,ENK1114E,58,,,,,,,,,,
896,6/29/2016,ENK1114E,64,,,,,,,,,,
897,6/28/2016,ENK1114E,181,,,,,,,,,,
898,6/27/2016,ENK1114E,37,,,,,,,,,,
899,6/25/2016,ENK1114E,2,,,,,,,,,,
900,6/24/2016,ENK1114E,61,,,,,,,,,,
901,6/23/2016,ENK1114E,65,,,,,,,,,,
902,6/22/2016,ENK1114E,76,,,,,,,,,,
903,6/21/2016,ENK1114E,34,,,,,,,,,,
904,6/20/2016,ENK1114E,12,,,,,,,,,,
905,6/18/2016,ENK1114E,8,,,,,,,,,,
906,6/17/2016,ENK1114E,17,,,,,,,,,,
907,6/16/2016,ENK1114E,29,,,,,,,,,,
908,6/15/2016,ENK1114E,76,,,,,,,,,,
909,6/14/2016,ENK1114E,36,,,,,,,,,,
910,6/13/2016,ENK1114E,28,,,,,,,,,,
911,6/10/2016,ENK1114E,38,,,,,,,,,,
912,6/9/2016,ENK1114E,106,,,,,,,,,,
913,6/8/2016,ENK1114E,21,,,,,,,,,,
914,6/7/2016,ENK1114E,70,,,,,,,,,,
915,6/6/2016,ENK1114E,621,,,,,,,,,,
916,6/5/2016,ENK1114E,16,,,,,,,,,,
917,6/4/2016,ENK1114E,12,,,,,,,,,,
918,6/3/2016,ENK1114E,356,,,,,,,,,,
919,6/2/2016,ENK1114E,233,,,,,,,,,,
920,6/1/2016,ENK1114E,14,,,,,,,,,,
921,5/31/2016,ENK1114E,22,,,,,,,,,,
922,5/26/2016,ENK1114E,18,,,,,,,,,,
923,5/25/2016,ENK1114E,30,,,,,,,,,,
924,5/24/2016,ENK1114E,24,,,,,,,,,,
925,5/23/2016,ENK1114E,11,,,,,,,,,,
926,5/21/2016,ENK1114E,8,,,,,,,,,,
927,5/20/2016,ENK1114E,4,,,,,,,,,,
928,5/19/2016,ENK1114E,20,,,,,,,,,,
929,5/18/2016,ENK1114E,25,,,,,,,,,,
930,5/17/2016,ENK1114E,78,,,,,,,,,,
931,5/16/2016,ENK1114E,33,,,,,,,,,,
932,5/13/2016,ENK1114E,52,,,,,,,,,,
933,5/12/2016,ENK1114E,115,,,,,,,,,,
934,5/11/2016,ENK1114E,44,,,,,,,,,,
935,5/10/2016,ENK1114E,99,,,,,,,,,,
936,5/9/2016,ENK1114E,116,,,,,,,,,,
937,5/8/2016,ENK1114E,6,,,,,,,,,,
938,5/7/2016,ENK1114E,40,,,,,,,,,,
939,5/6/2016,ENK1114E,873,,,,,,,,,,
940,5/5/2016,ENK1114E,686,,,,,,,,,,
941,5/4/2016,ENK1114E,298,,,,,,,,,,
942,5/3/2016,ENK1114E,398,,,,,,,,,,
943,5/2/2016,ENK1114E,275,,,,,,,,,,
944,5/1/2016,ENK1114E,104,,,,,,,,,,
945,4/30/2016,ENK1114E,38,,,,,,,,,,
946,4/29/2016,ENK1114E,219,,,,,,,,,,
947,4/28/2016,ENK1114E,234,,,,,,,,,,
948,4/27/2016,ENK1114E,185,,,,,,,,,,
949,4/26/2016,ENK1114E,144,,,,,,,,,,
950,4/25/2016,ENK1114E,163,,,,,,,,,,
951,4/24/2016,ENK1114E,32,,,,,,,,,,
952,4/23/2016,ENK1114E,17,,,,,,,,,,
953,4/22/2016,ENK1114E,81,,,,,,,,,,
954,4/21/2016,ENK1114E,110,,,,,,,,,,
955,4/20/2016,ENK1114E,220,,,,,,,,,,
956,4/19/2016,ENK1114E,73,,,,,,,,,,
957,4/18/2016,ENK1114E,58,,,,,,,,,,
958,4/17/2016,ENK1114E,20,,,,,,,,,,
959,4/16/2016,ENK1114E,15,,,,,,,,,,
960,4/15/2016,ENK1114E,94,,,,,,,,,,
961,4/14/2016,ENK1114E,34,,,,,,,,,,
962,4/13/2016,ENK1114E,57,,,,,,,,,,
963,4/12/2016,ENK1114E,33,,,,,,,,,,
964,4/11/2016,ENK1114E,78,,,,,,,,,,
965,4/10/2016,ENK1114E,29,,,,,,,,,,
966,4/9/2016,ENK1114E,29,,,,,,,,,,
967,4/8/2016,ENK1114E,105,,,,,,,,,,
968,4/7/2016,ENK1114E,154,,,,,,,,,,
969,4/6/2016,ENK1114E,104,,,,,,,,,,
970,4/5/2016,ENK1114E,119,,,,,,,,,,
971,4/4/2016,ENK1114E,109,,,,,,,,,,
972,4/3/2016,ENK1114E,60,,,,,,,,,,
973,4/2/2016,ENK1114E,56,,,,,,,,,,
974,4/1/2016,ENK1114E,293,,,,,,,,,,
975,10/11/2017,ESN1021E,4,4,,,,,,,,,
976,10/10/2017,ESN1021E,58,58,,,,,,,,,
977,10/9/2017,ESN1021E,77,77,,,,,,,,,
978,10/8/2017,ESN1021E,39,39,,,,,,,,,
979,10/7/2017,ESN1021E,46,46,,,,,,,,,
980,10/6/2017,ESN1021E,48,48,,,,,,,,,
981,10/5/2017,ESN1021E,23,23,,,,,,,,,
982,10/4/2017,ESN1021E,55,55,,,,,,,,,
983,10/3/2017,ESN1021E,85,85,,,,,,,,,
984,10/2/2017,ESN1021E,33,33,,,,,,,,,
985,10/1/2017,ESN1021E,38,38,,,,,,,,,
986,9/30/2017,ESN1021E,19,19,,,,,,,,,
987,9/29/2017,ESN1021E,33,33,,,,,,,,,
988,9/28/2017,ESN1021E,32,32,,,,,,,,,
989,9/27/2017,ESN1021E,27,27,,,,,,,,,
990,9/26/2017,ESN1021E,32,32,,,,,,,,,
991,9/25/2017,ESN1021E,14,14,,,,,,,,,
992,9/24/2017,ESN1021E,37,37,,,,,,,,,
993,9/23/2017,ESN1021E,29,29,,,,,,,,,
994,9/22/2017,ESN1021E,25,25,,,,,,,,,
995,9/21/2017,ESN1021E,26,8540,,,,,,,,,
996,9/20/2017,ESN1021E,35,,,,,,,,,,
997,9/19/2017,ESN1021E,68,,,,,,,,,,
998,9/18/2017,ESN1021E,40,,,,,,,,,,
999,9/17/2017,ESN1021E,42,,,,,,,,,,
1000,9/16/2017,ESN1021E,37,,,,,,,,,,
1001,9/15/2017,ESN1021E,33,,,,,,,,,,
1002,9/14/2017,ESN1021E,22,,,,,,,,,,
1003,9/13/2017,ESN1021E,72,,,,,,,,,,
1004,9/12/2017,ESN1021E,186,,,,,,,,,,
1005,9/11/2017,ESN1021E,35,,,,,,,,,,
1006,9/10/2017,ESN1021E,18,,,,,,,,,,
1007,9/9/2017,ESN1021E,18,,,,,,,,,,
1008,9/8/2017,ESN1021E,57,,,,,,,,,,
1009,9/7/2017,ESN1021E,63,,,,,,,,,,
1010,9/6/2017,ESN1021E,8,,,,,,,,,,
1011,9/5/2017,ESN1021E,20,,,,,,,,,,
1012,9/1/2017,ESN1021E,9,,,,,,,,,,
1013,8/31/2017,ESN1021E,6,,,,,,,,,,
1014,8/30/2017,ESN1021E,82,,,,,,,,,,
1015,8/29/2017,ESN1021E,19,,,,,,,,,,
1016,8/28/2017,ESN1021E,5,,,,,,,,,,
1017,8/27/2017,ESN1021E,2,,,,,,,,,,
1018,8/25/2017,ESN1021E,16,,,,,,,,,,
1019,8/24/2017,ESN1021E,35,,,,,,,,,,
1020,8/23/2017,ESN1021E,44,,,,,,,,,,
1021,8/22/2017,ESN1021E,8,,,,,,,,,,
1022,8/18/2017,ESN1021E,10,,,,,,,,,,
1023,8/17/2017,ESN1021E,11,,,,,,,,,,
1024,8/16/2017,ESN1021E,7,,,,,,,,,,
1025,8/15/2017,ESN1021E,5,,,,,,,,,,
1026,8/10/2017,ESN1021E,2,,,,,,,,,,
1027,8/9/2017,ESN1021E,6,,,,,,,,,,
1028,8/8/2017,ESN1021E,6,,,,,,,,,,
1029,8/7/2017,ESN1021E,6,,,,,,,,,,
1030,8/4/2017,ESN1021E,1,,,,,,,,,,
1031,8/1/2017,ESN1021E,8,,,,,,,,,,
1032,7/31/2017,ESN1021E,2,,,,,,,,,,
1033,7/30/2017,ESN1021E,3,,,,,,,,,,
1034,7/28/2017,ESN1021E,4,,,,,,,,,,
1035,7/25/2017,ESN1021E,2,,,,,,,,,,
1036,7/24/2017,ESN1021E,12,,,,,,,,,,
1037,7/21/2017,ESN1021E,7,,,,,,,,,,
1038,7/19/2017,ESN1021E,37,,,,,,,,,,
1039,7/18/2017,ESN1021E,4,,,,,,,,,,
1040,7/17/2017,ESN1021E,6,,,,,,,,,,
1041,7/16/2017,ESN1021E,4,,,,,,,,,,
1042,7/14/2017,ESN1021E,9,,,,,,,,,,
1043,7/13/2017,ESN1021E,30,,,,,,,,,,
1044,7/12/2017,ESN1021E,8,,,,,,,,,,
1045,7/11/2017,ESN1021E,2,,,,,,,,,,
1046,7/10/2017,ESN1021E,16,,,,,,,,,,
1047,7/8/2017,ESN1021E,8,,,,,,,,,,
1048,7/7/2017,ESN1021E,6,,,,,,,,,,
1049,7/6/2017,ESN1021E,15,,,,,,,,,,
1050,7/5/2017,ESN1021E,16,,,,,,,,,,
1051,7/3/2017,ESN1021E,2,,,,,,,,,,
1052,6/30/2017,ESN1021E,2,,,,,,,,,,
1053,6/29/2017,ESN1021E,4,,,,,,,,,,
1054,6/28/2017,ESN1021E,4,,,,,,,,,,
1055,6/27/2017,ESN1021E,12,,,,,,,,,,
1056,6/26/2017,ESN1021E,11,,,,,,,,,,
1057,6/24/2017,ESN1021E,2,,,,,,,,,,
1058,6/23/2017,ESN1021E,28,,,,,,,,,,
1059,6/22/2017,ESN1021E,31,,,,,,,,,,
1060,6/21/2017,ESN1021E,64,,,,,,,,,,
1061,6/20/2017,ESN1021E,44,,,,,,,,,,
1062,6/19/2017,ESN1021E,19,,,,,,,,,,
1063,6/18/2017,ESN1021E,2,,,,,,,,,,
1064,6/16/2017,ESN1021E,32,,,,,,,,,,
1065,6/15/2017,ESN1021E,167,,,,,,,,,,
1066,6/14/2017,ESN1021E,314,,,,,,,,,,
1067,6/13/2017,ESN1021E,176,,,,,,,,,,
1068,6/12/2017,ESN1021E,96,,,,,,,,,,
1069,6/9/2017,ESN1021E,2,,,,,,,,,,
1070,6/8/2017,ESN1021E,1,,,,,,,,,,
1071,6/6/2017,ESN1021E,6,,,,,,,,,,
1072,6/5/2017,ESN1021E,2,,,,,,,,,,
1073,6/2/2017,ESN1021E,1,,,,,,,,,,
1074,6/1/2017,ESN1021E,8,,,,,,,,,,
1075,5/25/2017,ESN1021E,2,,,,,,,,,,
1076,5/23/2017,ESN1021E,4,,,,,,,,,,
1077,5/22/2017,ESN1021E,8,,,,,,,,,,
1078,5/19/2017,ESN1021E,18,,,,,,,,,,
1079,5/18/2017,ESN1021E,8,,,,,,,,,,
1080,5/16/2017,ESN1021E,6,,,,,,,,,,
1081,5/15/2017,ESN1021E,9,,,,,,,,,,
1082,5/12/2017,ESN1021E,10,,,,,,,,,,
1083,5/11/2017,ESN1021E,6,,,,,,,,,,
1084,5/10/2017,ESN1021E,22,,,,,,,,,,
1085,5/9/2017,ESN1021E,26,,,,,,,,,,
1086,5/8/2017,ESN1021E,20,,,,,,,,,,
1087,5/7/2017,ESN1021E,6,,,,,,,,,,
1088,5/6/2017,ESN1021E,15,,,,,,,,,,
1089,5/5/2017,ESN1021E,102,,,,,,,,,,
1090,5/4/2017,ESN1021E,20,,,,,,,,,,
1091,5/3/2017,ESN1021E,25,,,,,,,,,,
1092,5/2/2017,ESN1021E,30,,,,,,,,,,
1093,5/1/2017,ESN1021E,25,,,,,,,,,,
1094,4/29/2017,ESN1021E,9,,,,,,,,,,
1095,4/28/2017,ESN1021E,40,,,,,,,,,,
1096,4/27/2017,ESN1021E,76,,,,,,,,,,
1097,4/26/2017,ESN1021E,100,,,,,,,,,,
1098,4/25/2017,ESN1021E,900,,,,,,,,,,
1099,4/24/2017,ESN1021E,904,,,,,,,,,,
1100,4/23/2017,ESN1021E,99,,,,,,,,,,
1101,4/22/2017,ESN1021E,59,,,,,,,,,,
1102,4/21/2017,ESN1021E,298,,,,,,,,,,
1103,4/20/2017,ESN1021E,188,,,,,,,,,,
1104,4/19/2017,ESN1021E,143,,,,,,,,,,
1105,4/18/2017,ESN1021E,278,,,,,,,,,,
1106,4/17/2017,ESN1021E,124,,,,,,,,,,
1107,4/16/2017,ESN1021E,27,,,,,,,,,,
1108,4/15/2017,ESN1021E,10,,,,,,,,,,
1109,4/14/2017,ESN1021E,173,,,,,,,,,,
1110,4/13/2017,ESN1021E,70,,,,,,,,,,
1111,4/12/2017,ESN1021E,152,,,,,,,,,,
1112,4/11/2017,ESN1021E,623,,,,,,,,,,
1113,4/10/2017,ESN1021E,390,,,,,,,,,,
1114,4/9/2017,ESN1021E,73,,,,,,,,,,
1115,4/8/2017,ESN1021E,139,,,,,,,,,,
1116,4/7/2017,ESN1021E,199,,,,,,,,,,
1117,4/6/2017,ESN1021E,170,,,,,,,,,,
1118,4/5/2017,ESN1021E,183,,,,,,,,,,
1119,4/4/2017,ESN1021E,225,,,,,,,,,,
1120,4/3/2017,ESN1021E,154,,,,,,,,,,
1121,4/2/2017,ESN1021E,40,,,,,,,,,,
1122,4/1/2017,ESN1021E,43,,,,,,,,,,
1123,3/31/2017,ESN1021E,127,,,,,,,,,,
1124,3/30/2017,ESN1021E,107,,,,,,,,,,
1125,3/29/2017,ESN1021E,253,,,,,,,,,,
1126,3/28/2017,ESN1021E,463,,,,,,,,,,
1127,10/11/2017,ESN1027E,8,8,,,,,,,,,
1128,10/10/2017,ESN1027E,78,78,,,,,,,,,
1129,10/9/2017,ESN1027E,59,59,,,,,,,,,
1130,10/8/2017,ESN1027E,49,49,,,,,,,,,
1131,10/7/2017,ESN1027E,38,38,,,,,,,,,
1132,10/6/2017,ESN1027E,50,50,,,,,,,,,
1133,10/5/2017,ESN1027E,59,59,,,,,,,,,
1134,10/4/2017,ESN1027E,67,67,,,,,,,,,
1135,10/3/2017,ESN1027E,77,77,,,,,,,,,
1136,10/2/2017,ESN1027E,66,66,,,,,,,,,
1137,10/1/2017,ESN1027E,78,78,,,,,,,,,
1138,9/30/2017,ESN1027E,73,73,,,,,,,,,
1139,9/29/2017,ESN1027E,98,98,,,,,,,,,
1140,9/28/2017,ESN1027E,68,68,,,,,,,,,
1141,9/27/2017,ESN1027E,64,10228,,,,,,,,,
1142,9/26/2017,ESN1027E,115,,,,,,,,,,
1143,9/25/2017,ESN1027E,56,,,,,,,,,,
1144,9/24/2017,ESN1027E,18,,,,,,,,,,
1145,9/23/2017,ESN1027E,30,,,,,,,,,,
1146,9/22/2017,ESN1027E,18,,,,,,,,,,
1147,9/21/2017,ESN1027E,51,,,,,,,,,,
1148,9/20/2017,ESN1027E,45,,,,,,,,,,
1149,9/19/2017,ESN1027E,58,,,,,,,,,,
1150,9/18/2017,ESN1027E,70,,,,,,,,,,
1151,9/17/2017,ESN1027E,71,,,,,,,,,,
1152,9/16/2017,ESN1027E,46,,,,,,,,,,
1153,9/15/2017,ESN1027E,30,,,,,,,,,,
1154,9/14/2017,ESN1027E,63,,,,,,,,,,
1155,9/13/2017,ESN1027E,74,,,,,,,,,,
1156,9/12/2017,ESN1027E,332,,,,,,,,,,
1157,9/11/2017,ESN1027E,89,,,,,,,,,,
1158,9/10/2017,ESN1027E,24,,,,,,,,,,
1159,9/9/2017,ESN1027E,21,,,,,,,,,,
1160,9/8/2017,ESN1027E,61,,,,,,,,,,
1161,9/7/2017,ESN1027E,73,,,,,,,,,,
1162,9/6/2017,ESN1027E,14,,,,,,,,,,
1163,9/5/2017,ESN1027E,19,,,,,,,,,,
1164,9/4/2017,ESN1027E,2,,,,,,,,,,
1165,9/1/2017,ESN1027E,46,,,,,,,,,,
1166,8/31/2017,ESN1027E,13,,,,,,,,,,
1167,8/30/2017,ESN1027E,27,,,,,,,,,,
1168,8/29/2017,ESN1027E,24,,,,,,,,,,
1169,8/28/2017,ESN1027E,8,,,,,,,,,,
1170,8/27/2017,ESN1027E,2,,,,,,,,,,
1171,8/25/2017,ESN1027E,18,,,,,,,,,,
1172,8/24/2017,ESN1027E,46,,,,,,,,,,
1173,8/23/2017,ESN1027E,59,,,,,,,,,,
1174,8/22/2017,ESN1027E,2,,,,,,,,,,
1175,8/18/2017,ESN1027E,10,,,,,,,,,,
1176,8/17/2017,ESN1027E,14,,,,,,,,,,
1177,8/16/2017,ESN1027E,7,,,,,,,,,,
1178,8/15/2017,ESN1027E,1,,,,,,,,,,
1179,8/11/2017,ESN1027E,2,,,,,,,,,,
1180,8/10/2017,ESN1027E,4,,,,,,,,,,
1181,8/8/2017,ESN1027E,12,,,,,,,,,,
1182,8/7/2017,ESN1027E,8,,,,,,,,,,
1183,8/3/2017,ESN1027E,4,,,,,,,,,,
1184,8/1/2017,ESN1027E,4,,,,,,,,,,
1185,7/31/2017,ESN1027E,2,,,,,,,,,,
1186,7/30/2017,ESN1027E,4,,,,,,,,,,
1187,7/28/2017,ESN1027E,6,,,,,,,,,,
1188,7/26/2017,ESN1027E,2,,,,,,,,,,
1189,7/25/2017,ESN1027E,4,,,,,,,,,,
1190,7/24/2017,ESN1027E,12,,,,,,,,,,
1191,7/23/2017,ESN1027E,6,,,,,,,,,,
1192,7/21/2017,ESN1027E,7,,,,,,,,,,
1193,7/19/2017,ESN1027E,33,,,,,,,,,,
1194,7/18/2017,ESN1027E,4,,,,,,,,,,
1195,7/17/2017,ESN1027E,10,,,,,,,,,,
1196,7/14/2017,ESN1027E,11,,,,,,,,,,
1197,7/13/2017,ESN1027E,26,,,,,,,,,,
1198,7/12/2017,ESN1027E,6,,,,,,,,,,
1199,7/11/2017,ESN1027E,5,,,,,,,,,,
1200,7/10/2017,ESN1027E,16,,,,,,,,,,
1201,7/8/2017,ESN1027E,8,,,,,,,,,,
1202,7/7/2017,ESN1027E,8,,,,,,,,,,
1203,7/6/2017,ESN1027E,13,,,,,,,,,,
1204,7/5/2017,ESN1027E,20,,,,,,,,,,
1205,7/3/2017,ESN1027E,2,,,,,,,,,,
1206,6/29/2017,ESN1027E,8,,,,,,,,,,
1207,6/28/2017,ESN1027E,6,,,,,,,,,,
1208,6/27/2017,ESN1027E,14,,,,,,,,,,
1209,6/26/2017,ESN1027E,12,,,,,,,,,,
1210,6/25/2017,ESN1027E,2,,,,,,,,,,
1211,6/24/2017,ESN1027E,2,,,,,,,,,,
1212,6/23/2017,ESN1027E,13,,,,,,,,,,
1213,6/22/2017,ESN1027E,35,,,,,,,,,,
1214,6/21/2017,ESN1027E,75,,,,,,,,,,
1215,6/20/2017,ESN1027E,51,,,,,,,,,,
1216,6/19/2017,ESN1027E,25,,,,,,,,,,
1217,6/18/2017,ESN1027E,2,,,,,,,,,,
1218,6/17/2017,ESN1027E,3,,,,,,,,,,
1219,6/16/2017,ESN1027E,27,,,,,,,,,,
1220,6/15/2017,ESN1027E,196,,,,,,,,,,
1221,6/14/2017,ESN1027E,322,,,,,,,,,,
1222,6/13/2017,ESN1027E,180,,,,,,,,,,
1223,6/12/2017,ESN1027E,96,,,,,,,,,,
1224,6/9/2017,ESN1027E,2,,,,,,,,,,
1225,6/8/2017,ESN1027E,1,,,,,,,,,,
1226,6/6/2017,ESN1027E,6,,,,,,,,,,
1227,6/5/2017,ESN1027E,2,,,,,,,,,,
1228,6/2/2017,ESN1027E,1,,,,,,,,,,
1229,6/1/2017,ESN1027E,8,,,,,,,,,,
1230,5/25/2017,ESN1027E,2,,,,,,,,,,
1231,5/23/2017,ESN1027E,6,,,,,,,,,,
1232,5/22/2017,ESN1027E,8,,,,,,,,,,
1233,5/19/2017,ESN1027E,18,,,,,,,,,,
1234,5/18/2017,ESN1027E,6,,,,,,,,,,
1235,5/16/2017,ESN1027E,6,,,,,,,,,,
1236,5/15/2017,ESN1027E,11,,,,,,,,,,
1237,5/12/2017,ESN1027E,10,,,,,,,,,,
1238,5/11/2017,ESN1027E,6,,,,,,,,,,
1239,5/10/2017,ESN1027E,22,,,,,,,,,,
1240,5/9/2017,ESN1027E,26,,,,,,,,,,
1241,5/8/2017,ESN1027E,24,,,,,,,,,,
1242,5/7/2017,ESN1027E,6,,,,,,,,,,
1243,5/6/2017,ESN1027E,15,,,,,,,,,,
1244,5/5/2017,ESN1027E,104,,,,,,,,,,
1245,5/4/2017,ESN1027E,20,,,,,,,,,,
1246,5/3/2017,ESN1027E,25,,,,,,,,,,
1247,5/2/2017,ESN1027E,30,,,,,,,,,,
1248,5/1/2017,ESN1027E,25,,,,,,,,,,
1249,4/29/2017,ESN1027E,9,,,,,,,,,,
1250,4/28/2017,ESN1027E,42,,,,,,,,,,
1251,4/27/2017,ESN1027E,80,,,,,,,,,,
1252,4/26/2017,ESN1027E,98,,,,,,,,,,
1253,4/25/2017,ESN1027E,896,,,,,,,,,,
1254,4/24/2017,ESN1027E,915,,,,,,,,,,
1255,4/23/2017,ESN1027E,93,,,,,,,,,,
1256,4/22/2017,ESN1027E,59,,,,,,,,,,
1257,4/21/2017,ESN1027E,299,,,,,,,,,,
1258,4/20/2017,ESN1027E,196,,,,,,,,,,
1259,4/19/2017,ESN1027E,143,,,,,,,,,,
1260,4/18/2017,ESN1027E,272,,,,,,,,,,
1261,4/17/2017,ESN1027E,124,,,,,,,,,,
1262,4/16/2017,ESN1027E,27,,,,,,,,,,
1263,4/15/2017,ESN1027E,10,,,,,,,,,,
1264,4/14/2017,ESN1027E,165,,,,,,,,,,
1265,4/13/2017,ESN1027E,70,,,,,,,,,,
1266,4/12/2017,ESN1027E,152,,,,,,,,,,
1267,4/11/2017,ESN1027E,616,,,,,,,,,,
1268,4/10/2017,ESN1027E,396,,,,,,,,,,
1269,4/9/2017,ESN1027E,73,,,,,,,,,,
1270,4/8/2017,ESN1027E,139,,,,,,,,,,
1271,4/7/2017,ESN1027E,195,,,,,,,,,,
1272,4/6/2017,ESN1027E,166,,,,,,,,,,
1273,4/5/2017,ESN1027E,181,,,,,,,,,,
1274,4/4/2017,ESN1027E,225,,,,,,,,,,
1275,4/3/2017,ESN1027E,152,,,,,,,,,,
1276,4/2/2017,ESN1027E,40,,,,,,,,,,
1277,4/1/2017,ESN1027E,43,,,,,,,,,,
1278,3/31/2017,ESN1027E,127,,,,,,,,,,
1279,3/30/2017,ESN1027E,109,,,,,,,,,,
1280,3/29/2017,ESN1027E,247,,,,,,,,,,
1281,3/28/2017,ESN1027E,450,,,,,,,,,,
1282,10/10/2017,ESN1030E,33,33,,,,,,,,,
1283,10/9/2017,ESN1030E,43,43,,,,,,,,,
1284,10/8/2017,ESN1030E,61,61,,,,,,,,,
1285,10/7/2017,ESN1030E,21,21,,,,,,,,,
1286,10/6/2017,ESN1030E,42,42,,,,,,,,,
1287,10/5/2017,ESN1030E,19,19,,,,,,,,,
1288,10/4/2017,ESN1030E,41,41,,,,,,,,,
1289,10/3/2017,ESN1030E,64,64,,,,,,,,,
1290,10/2/2017,ESN1030E,59,59,,,,,,,,,
1291,10/1/2017,ESN1030E,65,65,,,,,,,,,
1292,9/30/2017,ESN1030E,53,9933,,,,,,,,,
1293,9/29/2017,ESN1030E,43,,,,,,,,,,
1294,9/28/2017,ESN1030E,42,,,,,,,,,,
1295,9/27/2017,ESN1030E,40,,,,,,,,,,
1296,9/26/2017,ESN1030E,51,,,,,,,,,,
1297,9/25/2017,ESN1030E,70,,,,,,,,,,
1298,9/24/2017,ESN1030E,37,,,,,,,,,,
1299,9/23/2017,ESN1030E,42,,,,,,,,,,
1300,9/22/2017,ESN1030E,47,,,,,,,,,,
1301,9/21/2017,ESN1030E,24,,,,,,,,,,
1302,9/20/2017,ESN1030E,49,,,,,,,,,,
1303,9/19/2017,ESN1030E,48,,,,,,,,,,
1304,9/18/2017,ESN1030E,88,,,,,,,,,,
1305,9/17/2017,ESN1030E,77,,,,,,,,,,
1306,9/16/2017,ESN1030E,38,,,,,,,,,,
1307,9/15/2017,ESN1030E,55,,,,,,,,,,
1308,9/14/2017,ESN1030E,67,,,,,,,,,,
1309,9/13/2017,ESN1030E,138,,,,,,,,,,
1310,9/12/2017,ESN1030E,166,,,,,,,,,,
1311,9/11/2017,ESN1030E,14,,,,,,,,,,
1312,9/10/2017,ESN1030E,5,,,,,,,,,,
1313,9/9/2017,ESN1030E,6,,,,,,,,,,
1314,9/8/2017,ESN1030E,68,,,,,,,,,,
1315,9/7/2017,ESN1030E,22,,,,,,,,,,
1316,9/6/2017,ESN1030E,8,,,,,,,,,,
1317,9/5/2017,ESN1030E,21,,,,,,,,,,
1318,9/1/2017,ESN1030E,9,,,,,,,,,,
1319,8/31/2017,ESN1030E,6,,,,,,,,,,
1320,8/30/2017,ESN1030E,19,,,,,,,,,,
1321,8/29/2017,ESN1030E,15,,,,,,,,,,
1322,8/27/2017,ESN1030E,2,,,,,,,,,,
1323,8/25/2017,ESN1030E,10,,,,,,,,,,
1324,8/24/2017,ESN1030E,23,,,,,,,,,,
1325,8/23/2017,ESN1030E,38,,,,,,,,,,
1326,8/22/2017,ESN1030E,8,,,,,,,,,,
1327,8/18/2017,ESN1030E,10,,,,,,,,,,
1328,8/17/2017,ESN1030E,11,,,,,,,,,,
1329,8/16/2017,ESN1030E,7,,,,,,,,,,
1330,8/15/2017,ESN1030E,5,,,,,,,,,,
1331,8/10/2017,ESN1030E,2,,,,,,,,,,
1332,8/9/2017,ESN1030E,6,,,,,,,,,,
1333,8/8/2017,ESN1030E,6,,,,,,,,,,
1334,8/7/2017,ESN1030E,6,,,,,,,,,,
1335,8/4/2017,ESN1030E,1,,,,,,,,,,
1336,8/1/2017,ESN1030E,8,,,,,,,,,,
1337,7/31/2017,ESN1030E,2,,,,,,,,,,
1338,7/30/2017,ESN1030E,3,,,,,,,,,,
1339,7/28/2017,ESN1030E,4,,,,,,,,,,
1340,7/25/2017,ESN1030E,2,,,,,,,,,,
1341,7/24/2017,ESN1030E,12,,,,,,,,,,
1342,7/21/2017,ESN1030E,7,,,,,,,,,,
1343,7/19/2017,ESN1030E,37,,,,,,,,,,
1344,7/18/2017,ESN1030E,4,,,,,,,,,,
1345,7/17/2017,ESN1030E,6,,,,,,,,,,
1346,7/16/2017,ESN1030E,4,,,,,,,,,,
1347,7/14/2017,ESN1030E,9,,,,,,,,,,
1348,7/13/2017,ESN1030E,30,,,,,,,,,,
1349,7/12/2017,ESN1030E,8,,,,,,,,,,
1350,7/11/2017,ESN1030E,2,,,,,,,,,,
1351,7/10/2017,ESN1030E,16,,,,,,,,,,
1352,7/8/2017,ESN1030E,8,,,,,,,,,,
1353,7/7/2017,ESN1030E,6,,,,,,,,,,
1354,7/6/2017,ESN1030E,15,,,,,,,,,,
1355,7/5/2017,ESN1030E,16,,,,,,,,,,
1356,7/3/2017,ESN1030E,2,,,,,,,,,,
1357,6/30/2017,ESN1030E,2,,,,,,,,,,
1358,6/29/2017,ESN1030E,4,,,,,,,,,,
1359,6/28/2017,ESN1030E,4,,,,,,,,,,
1360,6/27/2017,ESN1030E,12,,,,,,,,,,
1361,6/26/2017,ESN1030E,11,,,,,,,,,,
1362,6/24/2017,ESN1030E,2,,,,,,,,,,
1363,6/23/2017,ESN1030E,28,,,,,,,,,,
1364,6/22/2017,ESN1030E,31,,,,,,,,,,
1365,6/21/2017,ESN1030E,64,,,,,,,,,,
1366,6/20/2017,ESN1030E,44,,,,,,,,,,
1367,6/19/2017,ESN1030E,19,,,,,,,,,,
1368,6/18/2017,ESN1030E,2,,,,,,,,,,
1369,6/16/2017,ESN1030E,32,,,,,,,,,,
1370,6/15/2017,ESN1030E,167,,,,,,,,,,
1371,6/14/2017,ESN1030E,314,,,,,,,,,,
1372,6/13/2017,ESN1030E,176,,,,,,,,,,
1373,6/12/2017,ESN1030E,96,,,,,,,,,,
1374,6/9/2017,ESN1030E,2,,,,,,,,,,
1375,6/8/2017,ESN1030E,1,,,,,,,,,,
1376,6/6/2017,ESN1030E,6,,,,,,,,,,
1377,6/5/2017,ESN1030E,2,,,,,,,,,,
1378,6/2/2017,ESN1030E,1,,,,,,,,,,
1379,6/1/2017,ESN1030E,8,,,,,,,,,,
1380,5/25/2017,ESN1030E,2,,,,,,,,,,
1381,5/23/2017,ESN1030E,4,,,,,,,,,,
1382,5/22/2017,ESN1030E,8,,,,,,,,,,
1383,5/19/2017,ESN1030E,18,,,,,,,,,,
1384,5/18/2017,ESN1030E,8,,,,,,,,,,
1385,5/16/2017,ESN1030E,6,,,,,,,,,,
1386,5/15/2017,ESN1030E,9,,,,,,,,,,
1387,5/12/2017,ESN1030E,10,,,,,,,,,,
1388,5/11/2017,ESN1030E,6,,,,,,,,,,
1389,5/10/2017,ESN1030E,22,,,,,,,,,,
1390,5/9/2017,ESN1030E,26,,,,,,,,,,
1391,5/8/2017,ESN1030E,20,,,,,,,,,,
1392,5/7/2017,ESN1030E,6,,,,,,,,,,
1393,5/6/2017,ESN1030E,15,,,,,,,,,,
1394,5/5/2017,ESN1030E,102,,,,,,,,,,
1395,5/4/2017,ESN1030E,20,,,,,,,,,,
1396,5/3/2017,ESN1030E,25,,,,,,,,,,
1397,5/2/2017,ESN1030E,30,,,,,,,,,,
1398,5/1/2017,ESN1030E,25,,,,,,,,,,
1399,4/29/2017,ESN1030E,9,,,,,,,,,,
1400,4/28/2017,ESN1030E,40,,,,,,,,,,
1401,4/27/2017,ESN1030E,76,,,,,,,,,,
1402,4/26/2017,ESN1030E,100,,,,,,,,,,
1403,4/25/2017,ESN1030E,900,,,,,,,,,,
1404,4/24/2017,ESN1030E,904,,,,,,,,,,
1405,4/23/2017,ESN1030E,99,,,,,,,,,,
1406,4/22/2017,ESN1030E,59,,,,,,,,,,
1407,4/21/2017,ESN1030E,298,,,,,,,,,,
1408,4/20/2017,ESN1030E,188,,,,,,,,,,
1409,4/19/2017,ESN1030E,143,,,,,,,,,,
1410,4/18/2017,ESN1030E,278,,,,,,,,,,
1411,4/17/2017,ESN1030E,124,,,,,,,,,,
1412,4/16/2017,ESN1030E,27,,,,,,,,,,
1413,4/15/2017,ESN1030E,10,,,,,,,,,,
1414,4/14/2017,ESN1030E,173,,,,,,,,,,
1415,4/13/2017,ESN1030E,70,,,,,,,,,,
1416,4/12/2017,ESN1030E,152,,,,,,,,,,
1417,4/11/2017,ESN1030E,623,,,,,,,,,,
1418,4/10/2017,ESN1030E,390,,,,,,,,,,
1419,4/9/2017,ESN1030E,73,,,,,,,,,,
1420,4/8/2017,ESN1030E,139,,,,,,,,,,
1421,4/7/2017,ESN1030E,199,,,,,,,,,,
1422,4/6/2017,ESN1030E,170,,,,,,,,,,
1423,4/5/2017,ESN1030E,183,,,,,,,,,,
1424,4/4/2017,ESN1030E,225,,,,,,,,,,
1425,4/3/2017,ESN1030E,154,,,,,,,,,,
1426,4/2/2017,ESN1030E,40,,,,,,,,,,
1427,4/1/2017,ESN1030E,43,,,,,,,,,,
1428,3/31/2017,ESN1030E,127,,,,,,,,,,
1429,3/30/2017,ESN1030E,107,,,,,,,,,,
1430,3/29/2017,ESN1030E,253,,,,,,,,,,
1431,3/28/2017,ESN1030E,463,,,,,,,,,,
1432,10/10/2017,ESN1101E,44,44,,,,,,,,,
1433,10/9/2017,ESN1101E,26,26,,,,,,,,,
1434,10/8/2017,ESN1101E,49,49,,,,,,,,,
1435,10/7/2017,ESN1101E,29,29,,,,,,,,,
1436,10/6/2017,ESN1101E,24,24,,,,,,,,,
1437,10/5/2017,ESN1101E,30,30,,,,,,,,,
1438,10/4/2017,ESN1101E,34,34,,,,,,,,,
1439,10/3/2017,ESN1101E,68,68,,,,,,,,,
1440,10/2/2017,ESN1101E,20,20,,,,,,,,,
1441,10/1/2017,ESN1101E,23,9740,,,,,,,,,
1442,9/30/2017,ESN1101E,8,,,,,,,,,,
1443,9/29/2017,ESN1101E,45,,,,,,,,,,
1444,9/28/2017,ESN1101E,26,,,,,,,,,,
1445,9/27/2017,ESN1101E,28,,,,,,,,,,
1446,9/26/2017,ESN1101E,39,,,,,,,,,,
1447,9/25/2017,ESN1101E,32,,,,,,,,,,
1448,9/24/2017,ESN1101E,14,,,,,,,,,,
1449,9/23/2017,ESN1101E,16,,,,,,,,,,
1450,9/22/2017,ESN1101E,27,,,,,,,,,,
1451,9/21/2017,ESN1101E,68,,,,,,,,,,
1452,9/20/2017,ESN1101E,31,,,,,,,,,,
1453,9/19/2017,ESN1101E,57,,,,,,,,,,
1454,9/18/2017,ESN1101E,37,,,,,,,,,,
1455,9/17/2017,ESN1101E,21,,,,,,,,,,
1456,9/16/2017,ESN1101E,22,,,,,,,,,,
1457,9/15/2017,ESN1101E,26,,,,,,,,,,
1458,9/14/2017,ESN1101E,33,,,,,,,,,,
1459,9/13/2017,ESN1101E,67,,,,,,,,,,
1460,9/12/2017,ESN1101E,184,,,,,,,,,,
1461,9/11/2017,ESN1101E,37,,,,,,,,,,
1462,9/10/2017,ESN1101E,7,,,,,,,,,,
1463,9/9/2017,ESN1101E,15,,,,,,,,,,
1464,9/8/2017,ESN1101E,67,,,,,,,,,,
1465,9/7/2017,ESN1101E,42,,,,,,,,,,
1466,9/6/2017,ESN1101E,10,,,,,,,,,,
1467,9/5/2017,ESN1101E,13,,,,,,,,,,
1468,9/1/2017,ESN1101E,11,,,,,,,,,,
1469,8/31/2017,ESN1101E,15,,,,,,,,,,
1470,8/30/2017,ESN1101E,22,,,,,,,,,,
1471,8/29/2017,ESN1101E,28,,,,,,,,,,
1472,8/28/2017,ESN1101E,9,,,,,,,,,,
1473,8/25/2017,ESN1101E,27,,,,,,,,,,
1474,8/24/2017,ESN1101E,44,,,,,,,,,,
1475,8/23/2017,ESN1101E,50,,,,,,,,,,
1476,8/22/2017,ESN1101E,2,,,,,,,,,,
1477,8/18/2017,ESN1101E,10,,,,,,,,,,
1478,8/17/2017,ESN1101E,14,,,,,,,,,,
1479,8/16/2017,ESN1101E,7,,,,,,,,,,
1480,8/15/2017,ESN1101E,1,,,,,,,,,,
1481,8/11/2017,ESN1101E,2,,,,,,,,,,
1482,8/10/2017,ESN1101E,4,,,,,,,,,,
1483,8/8/2017,ESN1101E,12,,,,,,,,,,
1484,8/7/2017,ESN1101E,8,,,,,,,,,,
1485,8/3/2017,ESN1101E,4,,,,,,,,,,
1486,8/1/2017,ESN1101E,4,,,,,,,,,,
1487,7/31/2017,ESN1101E,2,,,,,,,,,,
1488,7/30/2017,ESN1101E,4,,,,,,,,,,
1489,7/28/2017,ESN1101E,6,,,,,,,,,,
1490,7/26/2017,ESN1101E,2,,,,,,,,,,
1491,7/25/2017,ESN1101E,4,,,,,,,,,,
1492,7/24/2017,ESN1101E,12,,,,,,,,,,
1493,7/23/2017,ESN1101E,6,,,,,,,,,,
1494,7/21/2017,ESN1101E,7,,,,,,,,,,
1495,7/19/2017,ESN1101E,33,,,,,,,,,,
1496,7/18/2017,ESN1101E,4,,,,,,,,,,
1497,7/17/2017,ESN1101E,10,,,,,,,,,,
1498,7/14/2017,ESN1101E,11,,,,,,,,,,
1499,7/13/2017,ESN1101E,26,,,,,,,,,,
1500,7/12/2017,ESN1101E,6,,,,,,,,,,
1501,7/11/2017,ESN1101E,5,,,,,,,,,,
1502,7/10/2017,ESN1101E,16,,,,,,,,,,
1503,7/8/2017,ESN1101E,8,,,,,,,,,,
1504,7/7/2017,ESN1101E,8,,,,,,,,,,
1505,7/6/2017,ESN1101E,13,,,,,,,,,,
1506,7/5/2017,ESN1101E,20,,,,,,,,,,
1507,7/3/2017,ESN1101E,2,,,,,,,,,,
1508,6/29/2017,ESN1101E,8,,,,,,,,,,
1509,6/28/2017,ESN1101E,6,,,,,,,,,,
1510,6/27/2017,ESN1101E,14,,,,,,,,,,
1511,6/26/2017,ESN1101E,12,,,,,,,,,,
1512,6/25/2017,ESN1101E,2,,,,,,,,,,
1513,6/24/2017,ESN1101E,2,,,,,,,,,,
1514,6/23/2017,ESN1101E,13,,,,,,,,,,
1515,6/22/2017,ESN1101E,35,,,,,,,,,,
1516,6/21/2017,ESN1101E,75,,,,,,,,,,
1517,6/20/2017,ESN1101E,51,,,,,,,,,,
1518,6/19/2017,ESN1101E,25,,,,,,,,,,
1519,6/18/2017,ESN1101E,2,,,,,,,,,,
1520,6/17/2017,ESN1101E,3,,,,,,,,,,
1521,6/16/2017,ESN1101E,27,,,,,,,,,,
1522,6/15/2017,ESN1101E,194,,,,,,,,,,
1523,6/14/2017,ESN1101E,322,,,,,,,,,,
1524,6/13/2017,ESN1101E,180,,,,,,,,,,
1525,6/12/2017,ESN1101E,96,,,,,,,,,,
1526,6/9/2017,ESN1101E,2,,,,,,,,,,
1527,6/8/2017,ESN1101E,1,,,,,,,,,,
1528,6/6/2017,ESN1101E,6,,,,,,,,,,
1529,6/5/2017,ESN1101E,2,,,,,,,,,,
1530,6/2/2017,ESN1101E,1,,,,,,,,,,
1531,6/1/2017,ESN1101E,8,,,,,,,,,,
1532,5/25/2017,ESN1101E,2,,,,,,,,,,
1533,5/23/2017,ESN1101E,6,,,,,,,,,,
1534,5/22/2017,ESN1101E,8,,,,,,,,,,
1535,5/19/2017,ESN1101E,18,,,,,,,,,,
1536,5/18/2017,ESN1101E,6,,,,,,,,,,
1537,5/16/2017,ESN1101E,6,,,,,,,,,,
1538,5/15/2017,ESN1101E,11,,,,,,,,,,
1539,5/12/2017,ESN1101E,10,,,,,,,,,,
1540,5/11/2017,ESN1101E,6,,,,,,,,,,
1541,5/10/2017,ESN1101E,22,,,,,,,,,,
1542,5/9/2017,ESN1101E,26,,,,,,,,,,
1543,5/8/2017,ESN1101E,24,,,,,,,,,,
1544,5/7/2017,ESN1101E,6,,,,,,,,,,
1545,5/6/2017,ESN1101E,15,,,,,,,,,,
1546,5/5/2017,ESN1101E,104,,,,,,,,,,
1547,5/4/2017,ESN1101E,20,,,,,,,,,,
1548,5/3/2017,ESN1101E,25,,,,,,,,,,
1549,5/2/2017,ESN1101E,30,,,,,,,,,,
1550,5/1/2017,ESN1101E,25,,,,,,,,,,
1551,4/29/2017,ESN1101E,9,,,,,,,,,,
1552,4/28/2017,ESN1101E,42,,,,,,,,,,
1553,4/27/2017,ESN1101E,80,,,,,,,,,,
1554,4/26/2017,ESN1101E,98,,,,,,,,,,
1555,4/25/2017,ESN1101E,896,,,,,,,,,,
1556,4/24/2017,ESN1101E,915,,,,,,,,,,
1557,4/23/2017,ESN1101E,93,,,,,,,,,,
1558,4/22/2017,ESN1101E,59,,,,,,,,,,
1559,4/21/2017,ESN1101E,299,,,,,,,,,,
1560,4/20/2017,ESN1101E,196,,,,,,,,,,
1561,4/19/2017,ESN1101E,143,,,,,,,,,,
1562,4/18/2017,ESN1101E,272,,,,,,,,,,
1563,4/17/2017,ESN1101E,124,,,,,,,,,,
1564,4/16/2017,ESN1101E,27,,,,,,,,,,
1565,4/15/2017,ESN1101E,10,,,,,,,,,,
1566,4/14/2017,ESN1101E,165,,,,,,,,,,
1567,4/13/2017,ESN1101E,70,,,,,,,,,,
1568,4/12/2017,ESN1101E,152,,,,,,,,,,
1569,4/11/2017,ESN1101E,616,,,,,,,,,,
1570,4/10/2017,ESN1101E,396,,,,,,,,,,
1571,4/9/2017,ESN1101E,73,,,,,,,,,,
1572,4/8/2017,ESN1101E,139,,,,,,,,,,
1573,4/7/2017,ESN1101E,195,,,,,,,,,,
1574,4/6/2017,ESN1101E,166,,,,,,,,,,
1575,4/5/2017,ESN1101E,181,,,,,,,,,,
1576,4/4/2017,ESN1101E,225,,,,,,,,,,
1577,4/3/2017,ESN1101E,152,,,,,,,,,,
1578,4/2/2017,ESN1101E,40,,,,,,,,,,
1579,4/1/2017,ESN1101E,43,,,,,,,,,,
1580,3/31/2017,ESN1101E,127,,,,,,,,,,
1581,3/30/2017,ESN1101E,109,,,,,,,,,,
1582,3/29/2017,ESN1101E,247,,,,,,,,,,
1583,3/28/2017,ESN1101E,450,,,,,,,,,,
1584,10/10/2017,ESN1103E,63,63,,,,,,,,,
1585,10/9/2017,ESN1103E,21,21,,,,,,,,,
1586,10/8/2017,ESN1103E,28,28,,,,,,,,,
1587,10/7/2017,ESN1103E,15,15,,,,,,,,,
1588,10/6/2017,ESN1103E,39,39,,,,,,,,,
1589,10/5/2017,ESN1103E,22,22,,,,,,,,,
1590,10/4/2017,ESN1103E,21,21,,,,,,,,,
1591,10/3/2017,ESN1103E,63,9713,,,,,,,,,
1592,10/2/2017,ESN1103E,40,,,,,,,,,,
1593,10/1/2017,ESN1103E,38,,,,,,,,,,
1594,9/30/2017,ESN1103E,23,,,,,,,,,,
1595,9/29/2017,ESN1103E,22,,,,,,,,,,
1596,9/28/2017,ESN1103E,49,,,,,,,,,,
1597,9/27/2017,ESN1103E,60,,,,,,,,,,
1598,9/26/2017,ESN1103E,40,,,,,,,,,,
1599,9/25/2017,ESN1103E,29,,,,,,,,,,
1600,9/24/2017,ESN1103E,36,,,,,,,,,,
1601,9/23/2017,ESN1103E,14,,,,,,,,,,
1602,9/22/2017,ESN1103E,17,,,,,,,,,,
1603,9/21/2017,ESN1103E,30,,,,,,,,,,
1604,9/20/2017,ESN1103E,37,,,,,,,,,,
1605,9/19/2017,ESN1103E,57,,,,,,,,,,
1606,9/18/2017,ESN1103E,78,,,,,,,,,,
1607,9/17/2017,ESN1103E,58,,,,,,,,,,
1608,9/16/2017,ESN1103E,41,,,,,,,,,,
1609,9/15/2017,ESN1103E,25,,,,,,,,,,
1610,9/14/2017,ESN1103E,34,,,,,,,,,,
1611,9/13/2017,ESN1103E,43,,,,,,,,,,
1612,9/12/2017,ESN1103E,124,,,,,,,,,,
1613,9/11/2017,ESN1103E,21,,,,,,,,,,
1614,9/10/2017,ESN1103E,16,,,,,,,,,,
1615,9/9/2017,ESN1103E,4,,,,,,,,,,
1616,9/8/2017,ESN1103E,31,,,,,,,,,,
1617,9/7/2017,ESN1103E,35,,,,,,,,,,
1618,9/6/2017,ESN1103E,8,,,,,,,,,,
1619,9/5/2017,ESN1103E,28,,,,,,,,,,
1620,9/1/2017,ESN1103E,9,,,,,,,,,,
1621,8/31/2017,ESN1103E,6,,,,,,,,,,
1622,8/30/2017,ESN1103E,17,,,,,,,,,,
1623,8/29/2017,ESN1103E,15,,,,,,,,,,
1624,8/27/2017,ESN1103E,2,,,,,,,,,,
1625,8/25/2017,ESN1103E,10,,,,,,,,,,
1626,8/24/2017,ESN1103E,23,,,,,,,,,,
1627,8/23/2017,ESN1103E,38,,,,,,,,,,
1628,8/22/2017,ESN1103E,8,,,,,,,,,,
1629,8/18/2017,ESN1103E,10,,,,,,,,,,
1630,8/17/2017,ESN1103E,11,,,,,,,,,,
1631,8/16/2017,ESN1103E,7,,,,,,,,,,
1632,8/15/2017,ESN1103E,5,,,,,,,,,,
1633,8/10/2017,ESN1103E,2,,,,,,,,,,
1634,8/9/2017,ESN1103E,6,,,,,,,,,,
1635,8/8/2017,ESN1103E,6,,,,,,,,,,
1636,8/7/2017,ESN1103E,6,,,,,,,,,,
1637,8/4/2017,ESN1103E,1,,,,,,,,,,
1638,8/1/2017,ESN1103E,8,,,,,,,,,,
1639,7/31/2017,ESN1103E,2,,,,,,,,,,
1640,7/30/2017,ESN1103E,3,,,,,,,,,,
1641,7/28/2017,ESN1103E,4,,,,,,,,,,
1642,7/25/2017,ESN1103E,2,,,,,,,,,,
1643,7/24/2017,ESN1103E,12,,,,,,,,,,
1644,7/21/2017,ESN1103E,7,,,,,,,,,,
1645,7/19/2017,ESN1103E,37,,,,,,,,,,
1646,7/18/2017,ESN1103E,4,,,,,,,,,,
1647,7/17/2017,ESN1103E,6,,,,,,,,,,
1648,7/16/2017,ESN1103E,4,,,,,,,,,,
1649,7/14/2017,ESN1103E,9,,,,,,,,,,
1650,7/13/2017,ESN1103E,30,,,,,,,,,,
1651,7/12/2017,ESN1103E,8,,,,,,,,,,
1652,7/11/2017,ESN1103E,2,,,,,,,,,,
1653,7/10/2017,ESN1103E,16,,,,,,,,,,
1654,7/8/2017,ESN1103E,8,,,,,,,,,,
1655,7/7/2017,ESN1103E,6,,,,,,,,,,
1656,7/6/2017,ESN1103E,15,,,,,,,,,,
1657,7/5/2017,ESN1103E,16,,,,,,,,,,
1658,7/3/2017,ESN1103E,2,,,,,,,,,,
1659,6/30/2017,ESN1103E,2,,,,,,,,,,
1660,6/29/2017,ESN1103E,4,,,,,,,,,,
1661,6/28/2017,ESN1103E,4,,,,,,,,,,
1662,6/27/2017,ESN1103E,12,,,,,,,,,,
1663,6/26/2017,ESN1103E,11,,,,,,,,,,
1664,6/24/2017,ESN1103E,2,,,,,,,,,,
1665,6/23/2017,ESN1103E,28,,,,,,,,,,
1666,6/22/2017,ESN1103E,31,,,,,,,,,,
1667,6/21/2017,ESN1103E,64,,,,,,,,,,
1668,6/20/2017,ESN1103E,44,,,,,,,,,,
1669,6/19/2017,ESN1103E,19,,,,,,,,,,
1670,6/18/2017,ESN1103E,2,,,,,,,,,,
1671,6/16/2017,ESN1103E,32,,,,,,,,,,
1672,6/15/2017,ESN1103E,167,,,,,,,,,,
1673,6/14/2017,ESN1103E,314,,,,,,,,,,
1674,6/13/2017,ESN1103E,176,,,,,,,,,,
1675,6/12/2017,ESN1103E,96,,,,,,,,,,
1676,6/9/2017,ESN1103E,2,,,,,,,,,,
1677,6/8/2017,ESN1103E,1,,,,,,,,,,
1678,6/6/2017,ESN1103E,6,,,,,,,,,,
1679,6/5/2017,ESN1103E,2,,,,,,,,,,
1680,6/2/2017,ESN1103E,1,,,,,,,,,,
1681,6/1/2017,ESN1103E,8,,,,,,,,,,
1682,5/25/2017,ESN1103E,2,,,,,,,,,,
1683,5/23/2017,ESN1103E,4,,,,,,,,,,
1684,5/22/2017,ESN1103E,8,,,,,,,,,,
1685,5/19/2017,ESN1103E,18,,,,,,,,,,
1686,5/18/2017,ESN1103E,8,,,,,,,,,,
1687,5/16/2017,ESN1103E,6,,,,,,,,,,
1688,5/15/2017,ESN1103E,9,,,,,,,,,,
1689,5/12/2017,ESN1103E,10,,,,,,,,,,
1690,5/11/2017,ESN1103E,6,,,,,,,,,,
1691,5/10/2017,ESN1103E,22,,,,,,,,,,
1692,5/9/2017,ESN1103E,26,,,,,,,,,,
1693,5/8/2017,ESN1103E,20,,,,,,,,,,
1694,5/7/2017,ESN1103E,6,,,,,,,,,,
1695,5/6/2017,ESN1103E,15,,,,,,,,,,
1696,5/5/2017,ESN1103E,102,,,,,,,,,,
1697,5/4/2017,ESN1103E,20,,,,,,,,,,
1698,5/3/2017,ESN1103E,25,,,,,,,,,,
1699,5/2/2017,ESN1103E,30,,,,,,,,,,
1700,5/1/2017,ESN1103E,25,,,,,,,,,,
1701,4/29/2017,ESN1103E,9,,,,,,,,,,
1702,4/28/2017,ESN1103E,40,,,,,,,,,,
1703,4/27/2017,ESN1103E,76,,,,,,,,,,
1704,4/26/2017,ESN1103E,100,,,,,,,,,,
1705,4/25/2017,ESN1103E,900,,,,,,,,,,
1706,4/24/2017,ESN1103E,904,,,,,,,,,,
1707,4/23/2017,ESN1103E,99,,,,,,,,,,
1708,4/22/2017,ESN1103E,59,,,,,,,,,,
1709,4/21/2017,ESN1103E,298,,,,,,,,,,
1710,4/20/2017,ESN1103E,188,,,,,,,,,,
1711,4/19/2017,ESN1103E,143,,,,,,,,,,
1712,4/18/2017,ESN1103E,278,,,,,,,,,,
1713,4/17/2017,ESN1103E,124,,,,,,,,,,
1714,4/16/2017,ESN1103E,27,,,,,,,,,,
1715,4/15/2017,ESN1103E,10,,,,,,,,,,
1716,4/14/2017,ESN1103E,173,,,,,,,,,,
1717,4/13/2017,ESN1103E,70,,,,,,,,,,
1718,4/12/2017,ESN1103E,152,,,,,,,,,,
1719,4/11/2017,ESN1103E,623,,,,,,,,,,
1720,4/10/2017,ESN1103E,390,,,,,,,,,,
1721,4/9/2017,ESN1103E,73,,,,,,,,,,
1722,4/8/2017,ESN1103E,139,,,,,,,,,,
1723,4/7/2017,ESN1103E,199,,,,,,,,,,
1724,4/6/2017,ESN1103E,170,,,,,,,,,,
1725,4/5/2017,ESN1103E,183,,,,,,,,,,
1726,4/4/2017,ESN1103E,225,,,,,,,,,,
1727,4/3/2017,ESN1103E,154,,,,,,,,,,
1728,4/2/2017,ESN1103E,40,,,,,,,,,,
1729,4/1/2017,ESN1103E,43,,,,,,,,,,
1730,3/31/2017,ESN1103E,127,,,,,,,,,,
1731,3/30/2017,ESN1103E,107,,,,,,,,,,
1732,3/29/2017,ESN1103E,253,,,,,,,,,,
1733,3/28/2017,ESN1103E,463,,,,,,,,,,
,,,10228,,,,,,,,,,
