count,promo,sale,onsale,onsaley,Facebook,Twitter,traffic,AWND,PRCP,SNOW,TMAX,TMIN,christmas,left,weekday,monthday,week,yearday,year,month
2188,0,0,0,0,1664348.0,16091.0,37532.0,2.24,0.0,0.0,80,56,-232,206.0,3,7,19,127,2015,5
816,0,0,0,0,1479931.0,12366.0,11477.0,2.91,0.0,0.0,82,56,-231,206.0,4,8,19,128,2015,5
376,0,0,0,0,1462805.0,14043.0,5334.0,4.25,0.0,0.0,70,57,-230,206.0,5,9,19,129,2015,5
229,0,0,0,0,1396044.0,9170.0,4087.0,3.58,0.0,0.0,83,61,-229,206.0,6,10,19,130,2015,5
700,0,0,0,0,1573237.0,15502.0,4825.0,3.8,0.0,0.0,84,70,-228,206.0,0,11,20,131,2015,5
1154,0,0,0,0,1118959.0,14369.0,10490.0,5.37,0.0,0.0,86,64,-227,206.0,1,12,20,132,2015,5
593,0,0,0,0,832782.0,113960.0,7222.0,7.38,0.0,0.0,70,53,-226,206.0,2,13,20,133,2015,5
413,0,0,0,0,1027671.0,22182.0,3813.0,3.8,0.0,0.0,73,50,-225,206.0,3,14,20,134,2015,5
483,0,0,0,0,836024.0,16522.0,4495.0,3.36,0.0,0.0,75,55,-224,206.0,4,15,20,135,2015,5
388,0,0,0,0,565892.0,93060.0,2542.0,2.01,0.3,0.0,75,57,-223,206.0,5,16,20,136,2015,5
396,0,0,0,0,1352991.0,42487.0,1974.0,2.01,0.02,0.0,83,64,-222,206.0,6,17,20,137,2015,5
676,0,0,0,0,1082446.0,37342.0,2654.0,4.7,0.0,0.0,75,60,-221,206.0,0,18,21,138,2015,5
1341,0,0,1,0,1129016.0,22981.0,4553.0,2.46,0.0,0.0,80,59,-220,206.0,1,19,21,139,2015,5
400,0,0,0,1,1030014.0,21705.0,2072.0,6.93,0.0,0.0,67,54,-219,206.0,2,20,21,140,2015,5
330,0,0,0,0,901399.0,27582.0,1321.0,2.68,0.0,0.0,62,52,-218,206.0,3,21,21,141,2015,5
235,0,0,0,0,430299.0,26732.0,1137.0,6.04,0.0,0.0,74,55,-217,206.0,4,22,21,142,2015,5
150,0,0,0,0,317256.0,23303.0,949.0,4.47,0.0,0.0,70,49,-216,206.0,5,23,21,143,2015,5
174,0,0,0,0,278824.0,20574.0,953.0,3.8,0.0,0.0,81,56,-215,206.0,6,24,21,144,2015,5
195,0,0,0,0,1678765.0,37337.0,1023.0,4.92,0.0,0.0,85,64,-214,206.0,0,25,22,145,2015,5
151,0,0,0,0,840997.0,40279.0,1144.0,5.14,0.0,0.0,88,67,-213,206.0,1,26,22,146,2015,5
183,0,0,0,0,396416.0,21879.0,1099.0,5.14,0.08,0.0,85,70,-212,206.0,2,27,22,147,2015,5
176,0,0,0,0,413526.0,52244.0,1309.0,4.03,0.0,0.0,85,70,-211,206.0,3,28,22,148,2015,5
133,0,0,0,0,407735.0,38770.0,1035.0,4.03,0.0,0.0,85,65,-210,206.0,4,29,22,149,2015,5
179,0,0,0,0,236746.0,22829.0,944.0,5.59,0.0,0.0,85,67,-209,206.0,5,30,22,150,2015,5
162,0,0,0,0,737193.0,22632.0,1108.0,5.59,1.46,0.0,87,57,-208,206.0,6,31,22,151,2015,5
203,0,0,0,0,817342.0,28539.0,1362.0,10.29,0.72,0.0,58,51,-207,206.0,0,1,23,152,2015,6
173,0,0,0,0,1282320.0,27690.0,1547.0,6.26,0.37,0.0,55,50,-206,206.0,1,2,23,153,2015,6
259,0,0,0,0,671731.0,23110.0,1435.0,4.7,0.0,0.0,70,52,-205,206.0,2,3,23,154,2015,6
212,0,0,0,0,595824.0,33207.0,1135.0,5.14,0.0,0.0,65,54,-204,206.0,3,4,23,155,2015,6
161,0,0,0,0,672672.0,65168.0,937.0,2.91,0.13,0.0,70,55,-203,206.0,4,5,23,156,2015,6
197,0,0,0,0,719691.0,35545.0,815.0,4.7,0.19,0.0,76,60,-202,206.0,5,6,23,157,2015,6
226,0,0,0,0,751267.0,40531.0,968.0,3.8,0.0,0.0,74,55,-201,206.0,6,7,23,158,2015,6
224,0,0,0,0,762241.0,35589.0,1165.0,6.04,0.06,0.0,79,63,-200,206.0,0,8,24,159,2015,6
199,0,0,0,0,781903.0,31909.0,1172.0,4.92,0.01,0.0,83,68,-199,206.0,1,9,24,160,2015,6
357,0,0,0,0,1595432.0,30546.0,7233.0,3.13,0.0,0.0,82,65,-198,206.0,2,10,24,161,2015,6
198,0,0,0,0,919651.0,53355.0,2344.0,4.47,0.0,0.0,89,72,-197,206.0,3,11,24,162,2015,6
234,0,0,0,0,849173.0,38150.0,1382.0,4.47,0.0,0.0,88,73,-196,206.0,4,12,24,163,2015,6
195,0,0,0,0,786639.0,16903.0,1078.0,5.37,0.0,0.0,86,72,-195,206.0,5,13,24,164,2015,6
190,0,0,0,0,733720.0,20690.0,1089.0,2.68,0.36,0.0,88,66,-194,206.0,6,14,24,165,2015,6
211,0,0,0,0,3140136.0,33686.0,1299.0,4.7,0.57,0.0,83,64,-193,206.0,0,15,25,166,2015,6
248,0,0,0,0,2107843.0,33280.0,1209.0,2.24,0.27,0.0,79,65,-192,206.0,1,16,25,167,2015,6
192,0,0,0,0,1104061.0,34934.0,1177.0,3.8,0.0,0.0,82,66,-191,206.0,2,17,25,168,2015,6
133,0,0,0,0,784397.0,47272.0,1162.0,3.58,0.0,0.0,71,64,-190,206.0,3,18,25,169,2015,6
170,0,0,0,0,1179092.0,24386.0,991.0,3.8,0.0,0.0,87,68,-189,206.0,4,19,25,170,2015,6
127,0,0,0,0,874760.0,21199.0,943.0,5.37,0.0,0.0,75,64,-188,206.0,5,20,25,171,2015,6
209,0,0,0,0,580740.0,17010.0,1022.0,4.47,0.64,0.0,88,71,-187,206.0,6,21,25,172,2015,6
215,0,0,0,0,674735.0,25366.0,1181.0,4.92,0.0,0.0,87,70,-186,206.0,0,22,26,173,2015,6
234,0,0,0,0,1436900.0,20286.0,1211.0,5.82,0.02,0.0,90,75,-185,206.0,1,23,26,174,2015,6
226,0,0,0,0,1812739.0,21433.0,3086.0,4.7,0.0,0.0,84,68,-184,206.0,2,24,26,175,2015,6
252,0,0,0,0,1517969.0,102460.0,1871.0,3.13,0.0,0.0,83,65,-183,206.0,3,25,26,176,2015,6
165,0,0,0,0,629066.0,24993.0,1306.0,4.47,0.0,0.0,81,69,-182,206.0,4,26,26,177,2015,6
192,0,0,0,0,683144.0,20278.0,1178.0,7.38,1.12,0.0,71,58,-181,206.0,5,27,26,178,2015,6
222,0,0,0,0,904315.0,60282.0,1252.0,5.37,0.29,0.0,73,62,-180,206.0,6,28,26,179,2015,6
189,0,0,0,0,1104547.0,39171.0,1198.0,4.92,0.0,0.0,76,63,-179,206.0,0,29,27,180,2015,6
173,0,0,0,0,1321551.0,27284.0,1232.0,4.92,0.04,0.0,82,68,-178,206.0,1,30,27,181,2015,6
201,0,0,0,0,1634351.0,52109.0,1249.0,4.25,0.39,0.0,82,69,-177,206.0,2,1,27,182,2015,7
256,0,0,0,0,1410639.0,32119.0,1262.0,1.12,0.0,0.0,80,69,-176,206.0,3,2,27,183,2015,7
159,0,0,0,0,1638716.0,41492.0,1044.0,2.91,0.0,0.0,82,66,-175,206.0,4,3,27,184,2015,7
135,0,0,0,0,908837.0,49620.0,954.0,3.36,0.0,0.0,75,69,-174,206.0,5,4,27,185,2015,7
201,0,0,0,0,832944.0,31301.0,1091.0,1.57,0.0,0.0,83,68,-173,206.0,6,5,27,186,2015,7
164,0,0,0,0,763468.0,19898.0,1308.0,2.91,0.0,0.0,83,72,-172,206.0,0,6,28,187,2015,7
277,0,0,0,0,759625.0,20138.0,1428.0,4.92,0.12,0.0,88,75,-171,206.0,1,7,28,188,2015,7
656,0,0,0,0,734275.0,31666.0,5704.0,3.13,0.0,0.0,88,77,-170,206.0,2,8,28,189,2015,7
465,0,0,0,0,999822.0,44566.0,3561.0,4.7,0.3,0.0,79,68,-169,206.0,3,9,28,190,2015,7
262,0,0,0,0,698387.0,31063.0,1823.0,4.7,0.0,0.0,84,72,-168,206.0,4,10,28,191,2015,7
240,0,0,0,0,478815.0,14579.0,1184.0,2.46,0.0,0.0,88,69,-167,206.0,5,11,28,192,2015,7
371,0,0,0,0,282260.0,15491.0,1331.0,2.01,0.0,0.0,89,72,-166,206.0,6,12,28,193,2015,7
357,0,0,0,0,1840275.0,27157.0,3861.0,2.68,0.0,0.0,88,73,-165,206.0,0,13,29,194,2015,7
438,0,0,0,0,1308162.0,38147.0,2746.0,2.68,0.42,0.0,82,73,-164,206.0,1,14,29,195,2015,7
310,0,0,0,0,750458.0,25363.0,1748.0,4.47,0.12,0.0,81,72,-163,206.0,2,15,29,196,2015,7
248,0,0,0,0,508930.0,27129.0,1465.0,5.59,0.0,0.0,80,64,-162,206.0,3,16,29,197,2015,7
301,0,0,0,0,290900.0,32188.0,1348.0,3.8,0.0,0.0,81,67,-161,206.0,4,17,29,198,2015,7
336,0,0,0,0,182262.0,24130.0,1266.0,4.47,0.32,0.0,85,71,-160,206.0,5,18,29,199,2015,7
375,0,0,0,0,484480.0,21564.0,1392.0,3.13,0.0,0.0,93,78,-159,206.0,6,19,29,200,2015,7
249,0,0,0,0,1559814.0,54659.0,1522.0,4.47,0.0,0.0,94,82,-158,206.0,0,20,30,201,2015,7
270,0,0,0,0,1015197.0,40183.0,1937.0,2.46,0.0,0.0,89,74,-157,206.0,1,21,30,202,2015,7
298,0,0,0,0,805989.0,54330.0,4957.0,5.82,0.0,0.0,85,69,-156,206.0,2,22,30,203,2015,7
290,0,0,0,0,557236.0,38178.0,3225.0,3.8,0.0,0.0,86,68,-155,206.0,3,23,30,204,2015,7
385,0,0,0,0,518058.0,27990.0,2133.0,2.01,0.0,0.0,87,70,-154,206.0,4,24,30,205,2015,7
245,0,0,0,0,810029.0,34053.0,1447.0,3.13,0.0,0.0,88,69,-153,206.0,5,25,30,206,2015,7
342,0,0,0,0,413588.0,20787.0,1649.0,4.47,0.0,0.0,90,74,-152,206.0,6,26,30,207,2015,7
330,0,0,0,0,1710830.0,22922.0,1867.0,2.91,0.36,0.0,86,71,-151,206.0,0,27,31,208,2015,7
323,0,0,0,0,2079809.0,41580.0,2237.0,2.68,0.0,0.0,95,75,-150,206.0,1,28,31,209,2015,7
391,0,0,0,0,901267.0,48952.0,6570.0,3.8,0.0,0.0,96,78,-149,206.0,2,29,31,210,2015,7
328,0,0,0,0,420971.0,22303.0,3346.0,4.25,1.95,0.0,87,76,-148,206.0,3,30,31,211,2015,7
355,0,0,0,0,551465.0,24879.0,2201.0,3.36,0.0,0.0,89,72,-147,206.0,4,31,31,212,2015,7
294,0,0,0,0,394807.0,13656.0,1692.0,4.47,0.0,0.0,89,75,-146,206.0,5,1,31,213,2015,8
362,0,0,0,0,346701.0,26870.0,1915.0,2.01,0.0,0.0,89,71,-145,206.0,6,2,31,214,2015,8
323,0,0,0,0,833222.0,39851.0,2108.0,4.92,0.0,0.0,90,75,-144,206.0,0,3,32,215,2015,8
309,0,0,0,0,820622.0,26929.0,2137.0,5.37,0.43,0.0,89,69,-143,206.0,1,4,32,216,2015,8
411,0,0,0,0,728106.0,26418.0,3566.0,2.91,0.0,0.0,87,72,-142,206.0,2,5,32,217,2015,8
441,0,0,0,0,421438.0,22560.0,3641.0,2.46,0.0,0.0,83,67,-141,206.0,3,6,32,218,2015,8
1915,0,0,0,0,599678.0,21451.0,2737.0,5.37,0.0,0.0,84,69,-140,206.0,4,7,32,219,2015,8
331,0,0,0,0,553966.0,17013.0,1883.0,3.8,0.0,0.0,82,68,-139,206.0,5,8,32,220,2015,8
393,0,0,0,0,467517.0,19637.0,2115.0,3.8,0.0,0.0,85,68,-138,206.0,6,9,32,221,2015,8
436,0,0,0,0,1408194.0,80937.0,2486.0,4.47,0.0,0.0,84,70,-137,206.0,0,10,33,222,2015,8
493,0,0,0,0,1035546.0,207692.0,2828.0,4.25,1.17,0.0,81,71,-136,206.0,1,11,33,223,2015,8
1090,0,0,0,0,675365.0,134820.0,9773.0,4.7,0.0,0.0,85,71,-135,206.0,2,12,33,224,2015,8
1682,0,0,0,0,942592.0,163327.0,8096.0,3.13,0.0,0.0,83,67,-134,206.0,3,13,33,225,2015,8
877,0,0,0,0,1094578.0,37096.0,3813.0,2.91,0.0,0.0,88,67,-133,206.0,4,14,33,226,2015,8
745,0,0,0,0,791828.0,21894.0,2806.0,3.36,0.0,0.0,92,73,-132,206.0,5,15,33,227,2015,8
996,0,0,0,0,388907.0,22508.0,3340.0,1.57,0.0,0.0,93,76,-131,206.0,6,16,33,228,2015,8
1122,0,0,0,0,1968212.0,138647.0,3511.0,3.36,0.0,0.0,95,78,-130,206.0,0,17,34,229,2015,8
1001,0,0,0,0,1097345.0,69300.0,3071.0,4.03,0.29,0.0,90,73,-129,206.0,1,18,34,230,2015,8
1139,0,0,0,0,731160.0,47663.0,4895.0,4.03,0.0,0.0,87,77,-128,206.0,2,19,34,231,2015,8
927,0,0,0,0,787833.0,30901.0,3864.0,5.59,0.01,0.0,86,77,-127,206.0,3,20,34,232,2015,8
742,0,0,0,0,641458.0,19056.0,2908.0,4.25,0.32,0.0,87,71,-126,206.0,4,21,34,233,2015,8
689,0,0,0,0,416759.0,17909.0,2378.0,4.47,0.0,0.0,86,69,-125,206.0,5,22,34,234,2015,8
803,0,0,0,0,783550.0,21398.0,2609.0,4.03,0.0,0.0,85,70,-124,206.0,6,23,34,235,2015,8
953,0,0,0,0,2514650.0,37332.0,3196.0,2.46,0.0,0.0,87,73,-123,206.0,0,24,35,236,2015,8
899,0,0,0,0,2446731.0,52543.0,3442.0,3.8,0.0,0.0,90,73,-122,206.0,1,25,35,237,2015,8
1063,0,0,0,0,1404405.0,49840.0,7719.0,3.8,0.0,0.0,85,67,-121,206.0,2,26,35,238,2015,8
1007,0,0,0,0,615391.0,136616.0,5555.0,3.13,0.0,0.0,82,67,-120,206.0,3,27,35,239,2015,8
955,0,0,0,0,963063.0,55438.0,3547.0,2.46,0.0,0.0,82,63,-119,206.0,4,28,35,240,2015,8
827,0,0,0,0,748529.0,47142.0,2835.0,2.01,0.0,0.0,87,67,-118,206.0,5,29,35,241,2015,8
952,0,0,0,0,157250.0,32838.0,3174.0,4.03,0.13,0.0,90,72,-117,206.0,6,30,35,242,2015,8
1191,0,0,0,0,1367032.0,90957.0,3466.0,4.47,0.0,0.0,91,76,-116,206.0,0,31,36,243,2015,8
1380,0,0,0,0,1207402.0,68769.0,3311.0,2.24,0.0,0.0,90,76,-115,206.0,1,1,36,244,2015,9
913,0,0,0,0,1023699.0,57569.0,9978.0,1.79,0.0,0.0,91,74,-114,206.0,2,2,36,245,2015,9
842,0,0,0,0,419299.0,53995.0,6303.0,2.01,0.0,0.0,93,74,-113,206.0,3,3,36,246,2015,9
771,0,0,0,0,210631.0,39345.0,4119.0,6.93,0.0,0.0,85,72,-112,206.0,4,4,36,247,2015,9
832,0,0,0,0,133675.0,21671.0,3409.0,4.03,0.0,0.0,83,67,-111,206.0,5,5,36,248,2015,9
694,0,0,0,0,70195.0,27297.0,3320.0,1.34,0.0,0.0,87,65,-110,206.0,6,6,36,249,2015,9
961,0,0,0,0,410156.0,26269.0,3702.0,4.25,0.0,0.0,92,70,-109,206.0,0,7,37,250,2015,9
868,0,0,0,0,645878.0,33194.0,4648.0,4.92,0.0,0.0,97,76,-108,206.0,1,8,37,251,2015,9
980,0,0,0,0,368697.0,36338.0,4455.0,3.8,0.0,0.0,90,76,-107,206.0,2,9,37,252,2015,9
1224,0,0,0,0,297911.0,23839.0,7648.0,6.26,1.58,0.0,79,70,-106,206.0,3,10,37,253,2015,9
1021,0,0,0,0,453840.0,18810.0,4225.0,5.14,0.0,0.0,81,66,-105,206.0,4,11,37,254,2015,9
1045,0,0,0,0,226023.0,8454.0,4060.0,4.25,0.29,0.0,79,69,-104,206.0,5,12,37,255,2015,9
1218,0,0,0,0,196727.0,14181.0,4626.0,6.26,0.04,0.0,80,62,-103,206.0,6,13,37,256,2015,9
1868,0,0,0,0,357925.0,91912.0,8676.0,6.49,0.0,0.0,77,59,-102,206.0,0,14,38,257,2015,9
4800,0,0,0,0,274866.0,115314.0,8050.0,2.24,0.0,0.0,84,62,-101,206.0,1,15,38,258,2015,9
5926,0,0,0,0,1047850.0,60256.0,8001.0,1.34,0.0,0.0,88,66,-100,206.0,2,16,38,259,2015,9
2185,0,0,0,0,683316.0,38667.0,24975.0,2.24,0.0,0.0,89,68,-99,206.0,3,17,38,260,2015,9
1794,0,0,0,0,454098.0,46740.0,11150.0,2.01,0.0,0.0,87,68,-98,206.0,4,18,38,261,2015,9
1419,0,0,0,0,290348.0,17911.0,6858.0,2.68,0.0,0.0,83,68,-97,206.0,5,19,38,262,2015,9
1712,0,0,0,0,286254.0,21479.0,7511.0,7.83,0.0,0.0,79,64,-96,206.0,6,20,38,263,2015,9
1894,0,0,0,0,1502166.0,28775.0,8681.0,7.61,0.0,0.0,73,59,-95,206.0,0,21,39,264,2015,9
1928,0,0,0,0,1500340.0,25039.0,7844.0,6.93,0.0,0.0,71,62,-94,206.0,1,22,39,265,2015,9
3168,0,0,0,0,994975.0,55272.0,9564.0,2.91,0.0,0.0,80,59,-93,206.0,2,23,39,266,2015,9
2266,0,0,0,0,636679.0,26638.0,7135.0,4.25,0.0,0.0,82,60,-92,206.0,3,24,39,267,2015,9
1572,0,0,0,0,353719.0,25204.0,5234.0,6.26,0.0,0.0,76,63,-91,206.0,4,25,39,268,2015,9
1429,0,0,0,0,405202.0,18948.0,4518.0,6.04,0.0,0.0,72,61,-90,206.0,5,26,39,269,2015,9
1834,0,0,0,0,350271.0,15560.0,5111.0,4.92,0.0,0.0,71,56,-89,206.0,6,27,39,270,2015,9
2161,0,0,0,0,429460.0,23247.0,5992.0,3.36,0.0,0.0,78,65,-88,206.0,0,28,40,271,2015,9
1993,0,0,0,0,712322.0,50605.0,5969.0,2.68,0.11,0.0,83,72,-87,206.0,1,29,40,272,2015,9
2721,0,0,0,0,1068700.0,43678.0,10286.0,8.28,1.26,0.0,79,59,-86,206.0,2,30,40,273,2015,9
2275,0,0,0,0,381873.0,61754.0,7197.0,8.72,0.09,0.0,64,56,-85,206.0,3,1,40,274,2015,10
1702,0,0,0,0,731623.0,37996.0,5973.0,12.53,1.08,0.0,57,48,-84,206.0,4,2,40,275,2015,10
1681,0,0,0,0,490788.0,26959.0,5692.0,11.41,0.35,0.0,55,49,-83,206.0,5,3,40,276,2015,10
2085,0,0,0,0,126327.0,22143.0,6590.0,10.74,0.0,0.0,63,53,-82,206.0,6,4,40,277,2015,10
2252,0,0,0,0,1099502.0,44194.0,7545.0,6.26,0.0,0.0,67,52,-81,206.0,0,5,41,278,2015,10
2476,0,0,0,0,1500670.0,27887.0,8653.0,1.57,0.0,0.0,73,52,-80,206.0,1,6,41,279,2015,10
5863,0,0,0,0,1050995.0,29777.0,18700.0,2.91,0.0,0.0,73,58,-79,206.0,2,7,41,280,2015,10
6022,0,0,0,0,765463.0,22456.0,10723.0,3.36,0.0,0.0,72,59,-78,206.0,3,8,41,281,2015,10
2185,0,0,0,0,1311541.0,62951.0,8354.0,4.03,0.89,0.0,78,61,-77,206.0,4,9,41,282,2015,10
1986,0,0,0,0,1257152.0,59262.0,7066.0,2.46,0.0,0.0,65,50,-76,206.0,5,10,41,283,2015,10
2276,0,0,0,0,760556.0,22580.0,8408.0,3.8,0.0,0.0,69,53,-75,206.0,6,11,41,284,2015,10
2633,0,0,0,0,1590695.0,55233.0,9217.0,3.8,0.0,0.0,77,56,-74,206.0,0,12,42,285,2015,10
2323,0,0,0,0,1345375.0,30388.0,9536.0,3.58,0.01,0.0,72,61,-73,206.0,1,13,42,286,2015,10
3021,0,0,0,0,1173776.0,32162.0,17571.0,3.8,0.0,0.0,69,57,-72,206.0,2,14,42,287,2015,10
3341,0,0,0,0,744855.0,25797.0,12262.0,4.03,0.0,0.0,64,51,-71,206.0,3,15,42,288,2015,10
2709,0,0,0,0,781206.0,34222.0,9641.0,5.37,0.0,0.0,64,53,-70,206.0,4,16,42,289,2015,10
2377,0,0,0,0,664302.0,14011.0,8407.0,5.82,0.0,0.0,56,42,-69,206.0,5,17,42,290,2015,10
2758,0,0,0,0,386219.0,17952.0,10113.0,4.92,0.0,0.0,50,38,-68,206.0,6,18,42,291,2015,10
2986,0,0,0,0,879989.0,35063.0,11505.0,3.8,0.0,0.0,53,35,-67,206.0,0,19,43,292,2015,10
3763,0,0,0,0,1309305.0,56709.0,22667.0,6.04,0.0,0.0,70,48,-66,206.0,1,20,43,293,2015,10
3857,0,0,0,0,1197740.0,41819.0,20483.0,2.24,0.0,0.0,76,57,-65,206.0,2,21,43,294,2015,10
3418,0,0,0,0,536653.0,33053.0,12795.0,4.7,0.0,0.0,75,58,-64,206.0,3,22,43,295,2015,10
2900,0,0,0,0,507432.0,37715.0,12769.0,6.71,0.0,0.0,65,45,-63,206.0,4,23,43,296,2015,10
2339,0,0,0,0,366647.0,16738.0,10097.0,4.03,0.0,0.0,57,40,-62,206.0,5,24,43,297,2015,10
3753,0,0,0,0,418202.0,17086.0,12758.0,4.92,0.05,0.0,68,48,-61,206.0,6,25,43,298,2015,10
4228,0,0,0,0,894421.0,34080.0,22274.0,3.8,0.0,0.0,58,46,-60,206.0,0,26,44,299,2015,10
9141,0,0,0,0,570552.0,29847.0,15796.0,4.47,0.0,0.0,59,45,-59,206.0,1,27,44,300,2015,10
9408,0,0,0,0,766151.0,23647.0,13381.0,6.71,1.4,0.0,69,53,-58,206.0,2,28,44,301,2015,10
3319,0,0,0,0,638350.0,35319.0,10687.0,6.49,0.04,0.0,73,57,-57,206.0,3,29,44,302,2015,10
3305,0,0,0,0,770156.0,40115.0,10382.0,5.82,0.0,0.0,61,48,-56,206.0,4,30,44,303,2015,10
2678,0,0,0,0,767224.0,25058.0,10372.0,2.91,0.0,0.0,56,42,-55,206.0,5,31,44,304,2015,10
4010,0,0,0,0,556263.0,23102.0,14919.0,4.92,0.0,0.0,65,54,-54,206.0,6,1,44,305,2015,11
3983,0,0,0,0,845122.0,27744.0,17826.0,2.01,0.0,0.0,63,54,-53,206.0,0,2,45,306,2015,11
3459,0,0,0,0,696332.0,40608.0,19447.0,2.46,0.0,0.0,72,48,-52,206.0,1,3,45,307,2015,11
5228,0,0,0,0,1388424.0,38010.0,28980.0,2.46,0.0,0.0,70,56,-51,206.0,2,4,45,308,2015,11
4793,0,0,0,0,1572414.0,34028.0,20545.0,2.01,0.01,0.0,71,56,-50,206.0,3,5,45,309,2015,11
4264,0,0,0,0,2663146.0,28088.0,17269.0,4.7,0.0,0.0,74,66,-49,206.0,4,6,45,310,2015,11
4248,0,0,0,0,1296335.0,15598.0,15842.0,4.47,0.0,0.0,72,53,-48,206.0,5,7,45,311,2015,11
4770,0,0,0,0,491857.0,19018.0,19061.0,3.58,0.0,0.0,56,46,-47,206.0,6,8,45,312,2015,11
6133,0,0,0,0,749740.0,26674.0,23904.0,2.01,0.0,0.0,59,43,-46,206.0,0,9,46,313,2015,11
6216,0,0,0,0,1448419.0,29735.0,21607.0,9.84,0.26,0.0,57,51,-45,206.0,1,10,46,314,2015,11
6895,0,0,0,0,1214199.0,48878.0,29858.0,4.92,0.43,0.0,58,49,-44,206.0,2,11,46,315,2015,11
6537,0,0,0,0,688515.0,55709.0,23707.0,5.59,0.01,0.0,61,51,-43,206.0,3,12,46,316,2015,11
6571,0,0,0,0,630253.0,104313.0,24337.0,10.74,0.0,0.0,58,46,-42,204.0,4,13,46,317,2015,11
6331,0,0,0,0,395445.0,19407.0,21657.0,7.83,0.0,0.0,49,42,-41,202.0,5,14,46,318,2015,11
6437,0,0,0,0,698585.0,20421.0,21810.0,4.7,0.0,0.0,58,39,-40,198.0,6,15,46,319,2015,11
5935,0,0,0,0,869934.0,88462.0,27036.0,4.03,0.0,0.0,67,51,-39,194.0,0,16,47,320,2015,11
5895,0,0,0,0,899176.0,419285.0,25887.0,6.26,0.0,0.0,52,40,-38,194.0,1,17,47,321,2015,11
6029,0,0,0,0,673804.0,74014.0,21662.0,5.14,0.0,0.0,58,46,-37,194.0,2,18,47,322,2015,11
5780,0,0,0,0,634823.0,84477.0,25196.0,5.59,1.25,0.0,64,57,-36,190.0,3,19,47,323,2015,11
6110,0,0,0,0,1856123.0,39957.0,17545.0,6.49,0.0,0.0,53,42,-34,190.0,5,21,47,325,2015,11
6682,0,0,0,0,1658170.0,26800.0,18871.0,6.26,0.03,0.0,55,42,-33,185.0,6,22,47,326,2015,11
7446,0,0,0,0,1640044.0,49043.0,25906.0,5.82,0.0,0.0,44,33,-32,181.0,0,23,48,327,2015,11
7172,0,0,0,0,1677763.0,34693.0,23730.0,3.8,0.0,0.0,46,32,-31,179.0,1,24,48,328,2015,11
9819,0,0,0,0,1300470.0,65479.0,17482.0,2.68,0.0,0.0,50,36,-30,175.0,2,25,48,329,2015,11
6522,0,0,0,0,1156962.0,265566.0,23444.0,2.91,0.0,0.0,60,41,-29,171.0,3,26,48,330,2015,11
7710,0,0,0,0,716423.0,44487.0,18882.0,3.8,0.0,0.0,64,51,-28,168.0,4,27,48,331,2015,11
6141,0,0,0,0,1362922.0,41418.0,18024.0,5.59,0.02,0.0,64,45,-27,163.0,5,28,48,332,2015,11
7733,0,0,0,0,827469.0,40520.0,20037.0,5.59,0.0,0.0,49,38,-26,157.0,6,29,48,333,2015,11
11276,0,0,0,0,886867.0,120088.0,34327.0,5.59,0.0,0.0,47,33,-25,152.0,0,30,49,334,2015,11
7549,0,0,0,0,1079968.0,77501.0,22227.0,6.71,0.33,0.0,51,44,-24,149.0,1,1,49,335,2015,12
6860,0,0,0,0,1155674.0,125202.0,23575.0,2.91,0.14,0.0,57,46,-23,145.0,2,2,49,336,2015,12
8095,0,0,0,0,883695.0,181354.0,29601.0,8.5,0.0,0.0,55,44,-22,143.0,3,3,49,337,2015,12
7570,0,0,0,0,1014383.0,78703.0,24121.0,4.25,0.0,0.0,51,42,-21,139.0,4,4,49,338,2015,12
7003,0,0,0,0,2087531.0,41939.0,17744.0,2.24,0.0,0.0,51,40,-20,134.0,5,5,49,339,2015,12
7015,0,0,0,0,842752.0,29942.0,18600.0,3.36,0.0,0.0,53,39,-19,128.0,6,6,49,340,2015,12
7858,0,0,0,0,877873.0,83204.0,24691.0,3.8,0.0,0.0,54,42,-18,123.0,0,7,50,341,2015,12
6113,0,0,0,0,522868.0,48130.0,24145.0,4.47,0.0,0.0,49,41,-17,119.0,1,8,50,342,2015,12
11327,0,0,0,0,679259.0,58770.0,20919.0,4.25,0.0,0.0,55,40,-16,115.0,2,9,50,343,2015,12
7828,0,0,0,0,1504945.0,92334.0,27727.0,4.25,0.0,0.0,60,51,-15,111.0,3,10,50,344,2015,12
7432,0,0,0,0,1151109.0,66573.0,19457.0,4.7,0.0,0.0,61,50,-14,107.0,4,11,50,345,2015,12
8681,0,0,0,0,1002224.0,40965.0,18394.0,2.01,0.0,0.0,66,55,-13,102.0,5,12,50,346,2015,12
7138,0,0,0,0,398372.0,36425.0,18756.0,3.36,0.0,0.0,67,55,-12,96.0,6,13,50,347,2015,12
7794,0,0,0,0,1023567.0,53361.0,21560.0,4.7,0.33,0.0,67,53,-11,91.0,0,14,51,348,2015,12
7782,0,0,0,0,1080848.0,65868.0,23692.0,10.51,0.09,0.0,68,53,-10,87.0,1,15,51,349,2015,12
7782,0,0,0,0,635447.0,57867.0,17666.0,5.37,0.04,0.0,53,46,-9,83.0,2,16,51,350,2015,12
7892,0,0,0,0,888809.0,79220.0,24697.0,4.92,1.21,0.0,59,50,-8,79.0,3,17,51,351,2015,12
8508,0,0,0,0,1117925.0,53512.0,20543.0,6.71,0.0,0.0,57,38,-7,75.0,4,18,51,352,2015,12
8272,0,0,0,0,848663.0,29250.0,16443.0,9.4,0.0,0.0,40,35,-6,70.0,5,19,51,353,2015,12
7511,0,0,0,0,802526.0,32908.0,16144.0,6.04,0.0,0.0,43,34,-5,64.0,6,20,51,354,2015,12
8295,0,0,0,0,786227.0,56565.0,20221.0,7.16,0.0,0.0,56,39,-4,59.0,0,21,52,355,2015,12
8453,0,0,0,0,898069.0,59359.0,19835.0,4.92,0.19,0.0,62,53,-3,55.0,1,22,52,356,2015,12
13090,0,0,0,0,1156402.0,71172.0,18430.0,3.58,1.55,0.0,64,52,-2,51.0,2,23,52,357,2015,12
6120,0,0,0,0,793624.0,42144.0,16783.0,4.47,0.01,0.0,72,63,-1,46.0,3,24,52,358,2015,12
6275,0,0,0,0,769335.0,34121.0,15015.0,0.89,0.01,0.0,66,57,0,43.0,4,25,52,359,2015,12
7024,0,0,0,0,756327.0,37744.0,13525.0,8.05,0.0,0.0,59,47,1,39.0,5,26,52,360,2015,12
7590,0,0,0,0,521433.0,35033.0,13301.0,5.82,0.12,0.0,61,46,2,34.0,6,27,52,361,2015,12
6232,0,0,0,0,647939.0,62051.0,15889.0,8.28,0.03,0.0,46,34,3,28.0,0,28,53,362,2015,12
5470,0,0,0,0,916539.0,47395.0,11033.0,6.93,0.45,0.0,46,34,4,23.0,1,29,53,363,2015,12
6436,0,0,0,0,987031.0,95368.0,12424.0,4.03,0.19,0.0,48,38,5,19.0,2,30,53,364,2015,12
3728,0,0,0,0,975671.0,42292.0,6281.0,5.37,0.03,0.0,48,42,6,14.0,3,31,53,365,2015,12
5147,0,0,0,0,1599149.0,51699.0,8556.0,7.61,0.0,0.0,42,34,7,12.0,4,1,53,1,2016,1
4544,0,0,0,0,3584408.0,28628.0,7018.0,6.71,0.0,0.0,40,32,8,9.0,5,2,53,2,2016,1
2121,0,0,0,0,3272521.0,31854.0,4904.0,7.83,0.0,0.0,45,35,9,4.0,6,3,53,3,2016,1
0,0,0,0,0,1933182.0,49705.0,1937.0,8.5,0.0,0.0,36,14,-356,201.0,0,4,1,4,2016,1
0,0,0,0,0,789776.0,38913.0,1372.0,5.14,0.0,0.0,29,11,-355,201.0,1,5,1,5,2016,1
0,0,0,0,0,509828.0,36439.0,1198.0,3.58,0.0,0.0,41,25,-354,201.0,2,6,1,6,2016,1
0,0,0,0,0,507552.0,37808.0,951.0,2.46,0.0,0.0,46,31,-353,201.0,3,7,1,7,2016,1
0,0,0,0,0,454548.0,27255.0,867.0,4.25,0.0,0.0,46,31,-352,201.0,4,8,1,8,2016,1
0,0,0,0,0,350006.0,21397.0,913.0,8.05,0.0,0.0,47,40,-351,201.0,5,9,1,9,2016,1
0,0,0,0,0,217253.0,44087.0,811.0,9.84,1.8,0.0,59,40,-350,201.0,6,10,1,10,2016,1
0,0,0,0,0,957464.0,28647.0,833.0,10.51,0.0,0.0,40,26,-349,201.0,0,11,2,11,2016,1
0,0,0,0,0,1790270.0,60374.0,706.0,6.04,0.0,0.0,44,25,-348,201.0,1,12,2,12,2016,1
0,0,0,0,0,1031555.0,36920.0,759.0,9.84,0.0,0.0,30,22,-347,201.0,2,13,2,13,2016,1
0,0,0,0,0,887665.0,42026.0,662.0,4.92,0.0,0.0,38,22,-346,201.0,3,14,2,14,2016,1
0,0,0,0,0,655429.0,31995.0,594.0,5.14,0.0,0.0,51,34,-345,201.0,4,15,2,15,2016,1
0,0,0,0,0,544301.0,30323.0,596.0,6.71,0.24,0.0,52,42,-344,201.0,5,16,2,16,2016,1
0,0,0,0,0,480517.0,29471.0,550.0,5.59,0.05,0.4,42,30,-343,201.0,6,17,2,17,2016,1
0,0,0,0,0,471713.0,28918.0,587.0,11.86,0.0,0.0,31,18,-342,201.0,0,18,3,18,2016,1
0,0,0,0,0,804812.0,46074.0,614.0,10.96,0.0,0.0,28,16,-341,201.0,1,19,3,19,2016,1
0,0,0,0,0,667943.0,30932.0,493.0,5.59,0.0,0.0,37,27,-340,201.0,2,20,3,20,2016,1
0,0,0,0,0,458936.0,33351.0,442.0,6.04,0.0,0.0,36,26,-339,201.0,3,21,3,21,2016,1
0,0,0,0,0,1506368.0,54766.0,420.0,6.49,0.01,0.2,30,21,-338,201.0,4,22,3,22,2016,1
0,0,0,0,0,802321.0,28510.0,476.0,15.66,2.31,27.3,27,24,-337,201.0,5,23,3,23,2016,1
0,0,0,0,0,190233.0,23694.0,474.0,5.82,0.0,0.0,35,20,-336,201.0,6,24,3,24,2016,1
0,0,0,0,0,932869.0,73107.0,519.0,3.36,0.0,0.0,39,28,-335,201.0,0,25,4,25,2016,1
0,0,0,0,0,779292.0,49031.0,525.0,6.49,0.0,0.0,48,38,-334,201.0,1,26,4,26,2016,1
0,0,0,0,0,447535.0,103703.0,450.0,6.71,0.0,0.0,47,34,-333,201.0,2,27,4,27,2016,1
0,0,0,0,0,656350.0,62394.0,436.0,4.47,0.0,0.0,42,32,-332,201.0,3,28,4,28,2016,1
0,0,0,0,0,893060.0,50822.0,387.0,7.83,0.0,0.0,41,30,-331,201.0,4,29,4,29,2016,1
0,0,0,0,0,538194.0,34827.0,391.0,6.93,0.0,0.0,39,28,-330,201.0,5,30,4,30,2016,1
0,0,0,0,0,312701.0,40734.0,474.0,5.14,0.0,0.0,56,36,-329,201.0,6,31,4,31,2016,1
0,0,0,0,0,309048.0,49658.0,462.0,5.82,0.01,0.0,59,44,-328,201.0,0,1,5,32,2016,2
0,0,0,0,0,409403.0,39741.0,420.0,3.58,0.0,0.0,50,38,-327,201.0,1,2,5,33,2016,2
0,0,0,0,0,609610.0,37402.0,413.0,6.49,0.73,0.0,59,42,-326,201.0,2,3,5,34,2016,2
0,0,0,0,0,509245.0,46064.0,422.0,5.82,0.0,0.0,59,44,-325,201.0,3,4,5,35,2016,2
0,0,0,0,0,534815.0,75038.0,355.0,8.28,0.53,2.5,44,31,-324,201.0,4,5,5,36,2016,2
0,0,0,0,0,398665.0,36027.0,371.0,5.59,0.0,0.0,40,30,-323,201.0,5,6,5,37,2016,2
0,0,0,0,0,214320.0,50731.0,351.0,5.37,0.0,0.0,47,33,-322,201.0,6,7,5,38,2016,2
0,0,0,0,0,320059.0,36611.0,428.0,10.51,0.05,0.1,39,28,-321,201.0,0,8,6,39,2016,2
0,0,0,0,0,614540.0,45219.0,409.0,4.03,0.0,0.0,36,27,-320,201.0,1,9,6,40,2016,2
0,0,0,0,0,802341.0,38068.0,402.0,5.82,0.01,0.0,39,31,-319,201.0,2,10,6,41,2016,2
0,0,0,0,0,544935.0,46604.0,397.0,10.07,0.0,0.0,31,18,-318,201.0,3,11,6,42,2016,2
0,0,0,0,0,606405.0,46332.0,350.0,6.71,0.0,0.0,27,15,-317,201.0,4,12,6,43,2016,2
0,0,0,0,0,804491.0,35111.0,380.0,12.3,0.0,0.0,22,6,-316,201.0,5,13,6,44,2016,2
0,0,0,0,0,395872.0,39551.0,376.0,6.26,0.0,0.0,15,-1,-315,201.0,6,14,6,45,2016,2
0,0,0,0,0,218642.0,34956.0,431.0,5.37,0.44,1.4,35,13,-314,201.0,0,15,7,46,2016,2
0,0,0,0,0,664819.0,47944.0,431.0,7.83,1.01,0.0,54,35,-313,201.0,1,16,7,47,2016,2
0,0,0,0,0,997884.0,48581.0,441.0,7.38,0.0,0.0,39,35,-312,201.0,2,17,7,48,2016,2
0,0,0,0,0,579249.0,38009.0,635.0,7.16,0.0,0.0,36,27,-311,201.0,3,18,7,49,2016,2
0,0,0,0,0,811615.0,35047.0,726.0,5.37,0.0,0.0,39,24,-310,201.0,4,19,7,50,2016,2
0,0,0,0,0,427304.0,17659.0,605.0,7.38,0.0,0.0,61,39,-309,201.0,5,20,7,51,2016,2
0,0,0,0,0,206007.0,19883.0,517.0,4.92,0.03,0.0,55,44,-308,201.0,6,21,7,52,2016,2
0,0,0,0,0,353340.0,27642.0,483.0,5.14,0.0,0.0,52,38,-307,201.0,0,22,8,53,2016,2
0,0,0,0,0,1062395.0,54994.0,466.0,14.54,0.3,0.0,40,35,-306,201.0,1,23,8,54,2016,2
0,0,0,0,0,646024.0,28659.0,438.0,10.51,1.22,0.0,60,36,-305,201.0,2,24,8,55,2016,2
0,0,0,0,0,741213.0,30293.0,356.0,8.95,0.02,0.0,61,37,-304,201.0,3,25,8,56,2016,2
0,0,0,0,0,1154887.0,34353.0,359.0,8.72,0.0,0.0,39,27,-303,201.0,4,26,8,57,2016,2
0,0,0,0,0,1323584.0,17514.0,368.0,6.04,0.0,0.0,41,26,-302,201.0,5,27,8,58,2016,2
0,0,0,0,0,970497.0,21002.0,404.0,7.38,0.0,0.0,60,38,-301,201.0,6,28,8,59,2016,2
0,0,0,0,0,1382932.0,35715.0,420.0,8.5,0.05,0.0,61,47,-300,201.0,0,29,9,60,2016,2
0,0,0,0,0,884976.0,47297.0,391.0,7.61,0.0,0.0,52,39,-299,201.0,1,1,9,61,2016,3
0,0,0,0,0,878000.0,35119.0,381.0,10.51,0.14,0.0,55,29,-298,201.0,2,2,9,62,2016,3
0,0,0,0,0,523669.0,40944.0,390.0,5.82,0.0,0.0,36,26,-297,201.0,3,3,9,63,2016,3
0,0,0,0,0,241829.0,39036.0,360.0,8.72,0.11,0.4,39,30,-296,201.0,4,4,9,64,2016,3
0,0,0,0,0,180005.0,23791.0,317.0,4.25,0.0,0.0,41,28,-295,201.0,5,5,9,65,2016,3
0,0,0,0,0,138931.0,25077.0,405.0,3.36,0.0,0.0,44,32,-294,201.0,6,6,9,66,2016,3
0,0,0,0,0,203830.0,31954.0,369.0,7.83,0.0,0.0,60,36,-293,201.0,0,7,10,67,2016,3
0,0,0,0,0,758404.0,38741.0,416.0,3.36,0.0,0.0,67,47,-292,201.0,1,8,10,68,2016,3
0,0,0,0,0,702514.0,37558.0,384.0,2.24,0.0,0.0,77,44,-291,201.0,2,9,10,69,2016,3
0,0,0,0,0,296263.0,35541.0,367.0,4.92,0.0,0.0,79,63,-290,201.0,3,10,10,70,2016,3
0,0,0,0,0,723905.0,45093.0,316.0,6.04,0.06,0.0,68,48,-289,201.0,4,11,10,71,2016,3
0,0,0,0,0,351365.0,37000.0,318.0,5.14,0.0,0.0,59,40,-288,201.0,5,12,10,72,2016,3
0,0,0,0,0,406674.0,60372.0,442.0,3.58,0.0,0.0,62,50,-287,201.0,6,13,10,73,2016,3
0,0,0,0,0,406674.0,60372.0,442.0,14.09,0.29,0.0,51,40,-286,201.0,0,14,11,74,2016,3
0,0,0,0,0,258940.0,41700.0,407.0,5.37,0.0,0.0,57,44,-285,201.0,1,15,11,75,2016,3
0,0,0,0,0,464582.0,33163.0,391.0,3.58,0.02,0.0,65,48,-284,201.0,2,16,11,76,2016,3
0,0,0,0,0,613788.0,43317.0,358.0,4.92,0.0,0.0,63,45,-283,201.0,3,17,11,77,2016,3
0,0,0,0,0,1634653.0,34097.0,384.0,8.72,0.0,0.0,57,42,-282,201.0,4,18,11,78,2016,3
0,0,0,0,0,1250635.0,17921.0,360.0,5.14,0.0,0.0,46,36,-281,201.0,5,19,11,79,2016,3
0,0,0,0,0,320894.0,17621.0,376.0,9.62,0.07,0.0,43,32,-280,201.0,6,20,11,80,2016,3
0,0,0,0,0,321341.0,38882.0,448.0,8.05,0.06,0.5,50,32,-279,201.0,0,21,12,81,2016,3
0,0,0,0,0,314716.0,148614.0,366.0,6.93,0.0,0.0,56,35,-278,201.0,1,22,12,82,2016,3
0,0,0,0,0,411217.0,30222.0,361.0,6.04,0.0,0.0,71,48,-277,201.0,2,23,12,83,2016,3
0,0,0,0,0,378768.0,33913.0,350.0,9.17,0.0,0.0,55,44,-276,201.0,3,24,12,84,2016,3
0,0,0,0,0,549605.0,31525.0,292.0,3.8,0.04,0.0,72,44,-275,201.0,4,25,12,85,2016,3
0,0,0,0,0,454932.0,29647.0,313.0,6.49,0.0,0.0,55,38,-274,201.0,5,26,12,86,2016,3
0,0,0,0,0,344250.0,20024.0,349.0,5.59,0.0,0.0,55,43,-273,201.0,6,27,12,87,2016,3
0,0,0,0,0,288098.0,45454.0,442.0,10.07,0.38,0.0,62,42,-272,201.0,0,28,13,88,2016,3
0,0,0,0,0,391614.0,37850.0,406.0,11.63,0.0,0.0,53,40,-271,201.0,1,29,13,89,2016,3
0,0,0,0,0,325412.0,85267.0,446.0,5.37,0.0,0.0,56,37,-270,201.0,2,30,13,90,2016,3
0,0,0,0,0,444472.0,42103.0,423.0,6.71,0.0,0.0,73,49,-269,201.0,3,31,13,91,2016,3
0,0,0,0,0,521007.0,40837.0,367.0,6.71,0.02,0.0,79,61,-268,201.0,4,1,13,92,2016,4
0,0,0,0,0,202128.0,18600.0,393.0,4.92,0.16,0.0,61,49,-267,201.0,5,2,13,93,2016,4
0,0,0,0,0,189170.0,22262.0,488.0,12.75,0.09,0.0,50,34,-266,201.0,6,3,13,94,2016,4
0,0,0,0,0,507302.0,38735.0,478.0,7.16,0.47,0.0,45,29,-265,201.0,0,4,14,95,2016,4
0,0,0,0,0,733142.0,43848.0,459.0,8.28,0.0,0.0,43,26,-264,201.0,1,5,14,96,2016,4
0,0,0,0,0,338564.0,80145.0,440.0,6.04,0.0,0.0,48,30,-263,201.0,2,6,14,97,2016,4
0,0,0,0,0,276784.0,38023.0,465.0,6.93,0.09,0.0,58,48,-262,201.0,3,7,14,98,2016,4
0,0,0,0,0,663147.0,40373.0,404.0,7.16,0.01,0.0,50,40,-261,201.0,4,8,14,99,2016,4
0,0,0,0,0,345663.0,21011.0,391.0,6.49,0.11,0.0,43,36,-260,201.0,5,9,14,100,2016,4
0,0,0,0,0,71435.0,16613.0,443.0,4.92,0.0,0.0,50,31,-259,201.0,6,10,14,101,2016,4
0,0,0,0,0,329686.0,33041.0,476.0,6.93,0.01,0.0,65,43,-258,201.0,0,11,15,102,2016,4
0,0,0,0,0,530609.0,38178.0,461.0,5.82,0.2,0.0,59,45,-257,201.0,1,12,15,103,2016,4
0,0,0,0,0,482177.0,33306.0,446.0,4.47,0.0,0.0,58,40,-256,201.0,2,13,15,104,2016,4
0,0,0,0,0,613732.0,26685.0,509.0,6.49,0.0,0.0,62,43,-255,201.0,3,14,15,105,2016,4
0,0,0,0,0,598777.0,30502.0,430.0,3.8,0.0,0.0,65,42,-254,201.0,4,15,15,106,2016,4
0,0,0,0,0,347914.0,14725.0,345.0,4.92,0.0,0.0,68,43,-253,201.0,5,16,15,107,2016,4
0,0,0,0,0,514445.0,20926.0,404.0,2.91,0.0,0.0,75,44,-252,201.0,6,17,15,108,2016,4
0,0,0,0,0,422890.0,56476.0,488.0,3.8,0.0,0.0,82,51,-251,201.0,0,18,16,109,2016,4
0,0,0,0,0,412066.0,40910.0,521.0,7.61,0.0,0.0,73,55,-250,201.0,1,19,16,110,2016,4
0,0,0,0,0,427960.0,52471.0,412.0,6.04,0.0,0.0,69,49,-249,201.0,2,20,16,111,2016,4
0,0,0,0,0,219884.0,48116.0,434.0,5.59,0.0,0.0,73,49,-248,201.0,3,21,16,112,2016,4
0,0,0,0,0,494622.0,47129.0,383.0,4.25,0.0,0.0,79,62,-247,201.0,4,22,16,113,2016,4
0,0,0,0,0,335563.0,15493.0,343.0,7.16,0.16,0.0,71,54,-246,201.0,5,23,16,114,2016,4
0,0,0,0,0,248856.0,23151.0,434.0,5.82,0.0,0.0,68,47,-245,201.0,6,24,16,115,2016,4
0,0,0,0,0,379085.0,34506.0,449.0,4.03,0.0,0.0,69,50,-244,201.0,0,25,17,116,2016,4
0,0,0,0,0,667036.0,48138.0,698.0,7.16,0.24,0.0,60,47,-243,201.0,1,26,17,117,2016,4
0,0,0,0,0,572893.0,60229.0,567.0,4.25,0.0,0.0,62,46,-242,201.0,2,27,17,118,2016,4
0,0,0,0,0,454682.0,47297.0,480.0,4.7,0.0,0.0,59,48,-241,201.0,3,28,17,119,2016,4
0,0,0,0,0,469873.0,48422.0,429.0,5.82,0.05,0.0,58,45,-240,201.0,4,29,17,120,2016,4
0,0,0,0,0,538505.0,34921.0,409.0,5.82,0.0,0.0,65,46,-239,201.0,5,30,17,121,2016,4
0,0,0,0,0,286340.0,24202.0,3916.0,4.92,0.16,0.0,51,45,-238,201.0,6,1,17,122,2016,5
0,0,0,0,0,499425.0,37426.0,3304.0,2.24,0.04,0.0,60,45,-237,201.0,0,2,18,123,2016,5
0,0,0,0,0,764414.0,42099.0,8030.0,6.04,0.61,0.0,56,51,-236,201.0,1,3,18,124,2016,5
0,0,0,0,0,783007.0,49147.0,7112.0,8.72,0.01,0.0,52,48,-235,201.0,2,4,18,125,2016,5
0,0,0,0,0,837789.0,80747.0,3394.0,8.28,0.0,0.0,57,46,-234,201.0,3,5,18,126,2016,5
0,0,0,0,0,970576.0,55961.0,4118.0,7.83,0.54,0.0,54,48,-233,201.0,4,6,18,127,2016,5
0,0,0,0,0,636631.0,29933.0,6188.0,4.47,0.0,0.0,60,48,-232,201.0,5,7,18,128,2016,5
0,0,0,0,0,368359.0,40151.0,5262.0,4.7,0.16,0.0,66,49,-231,201.0,6,8,18,129,2016,5
0,0,0,0,0,587777.0,34840.0,9099.0,5.14,0.0,0.0,72,52,-230,201.0,0,9,19,130,2016,5
0,0,0,0,0,638521.0,136113.0,9947.0,4.92,0.0,0.0,63,50,-229,201.0,1,10,19,131,2016,5
0,0,0,0,0,612470.0,41345.0,4329.0,2.46,0.0,0.0,76,50,-228,201.0,2,11,19,132,2016,5
0,0,0,0,0,887684.0,58201.0,3273.0,3.36,0.0,0.0,80,56,-227,201.0,3,12,19,133,2016,5
0,0,0,0,0,827170.0,91664.0,3651.0,3.36,0.25,0.0,65,57,-226,201.0,4,13,19,134,2016,5
0,0,0,0,0,392543.0,35028.0,3660.0,3.36,0.0,0.0,73,56,-225,201.0,5,14,19,135,2016,5
0,0,0,0,0,454670.0,33637.0,5073.0,3.36,0.0,0.0,59,46,-224,201.0,6,15,19,136,2016,5
0,0,0,0,0,443640.0,35867.0,4287.0,3.36,0.0,0.0,66,43,-223,201.0,0,16,20,137,2016,5
0,0,0,0,0,356830.0,46126.0,4725.0,3.8,0.0,0.0,64,52,-222,201.0,1,17,20,138,2016,5
2,0,0,0,0,624020.0,51527.0,6017.0,3.8,0.0,0.0,68,52,-221,201.0,2,18,20,139,2016,5
0,0,0,0,0,704431.0,47944.0,5721.0,1.34,0.0,0.0,73,54,-220,201.0,3,19,20,140,2016,5
0,0,0,0,0,1246193.0,46487.0,11774.0,4.47,0.0,0.0,76,53,-219,201.0,4,20,20,141,2016,5
0,0,0,0,0,1409788.0,43003.0,16593.0,3.8,0.04,0.0,66,54,-218,201.0,5,21,20,142,2016,5
0,0,0,0,0,617116.0,26086.0,7199.0,3.58,0.09,0.0,70,52,-217,201.0,6,22,20,143,2016,5
0,0,0,0,0,392743.0,45609.0,6635.0,2.46,0.02,0.0,78,56,-216,201.0,0,23,21,144,2016,5
0,0,0,0,0,687564.0,45278.0,9219.0,2.01,0.18,0.0,73,58,-215,201.0,1,24,21,145,2016,5
0,0,0,0,0,754056.0,91620.0,8036.0,4.25,0.0,0.0,88,61,-214,201.0,2,25,21,146,2016,5
0,0,0,0,0,447180.0,49303.0,4616.0,3.58,0.0,0.0,90,69,-213,201.0,3,26,21,147,2016,5
0,0,0,0,0,412591.0,41716.0,6150.0,3.8,0.0,0.0,87,73,-212,201.0,4,27,21,148,2016,5
0,0,0,0,0,333329.0,20205.0,6288.0,4.47,0.0,0.0,92,71,-211,201.0,5,28,21,149,2016,5
0,0,0,0,0,437432.0,28854.0,6998.0,4.92,0.0,0.0,87,70,-210,201.0,6,29,21,150,2016,5
0,0,0,0,0,342797.0,46073.0,6694.0,3.13,1.65,0.0,82,68,-209,201.0,0,30,22,151,2016,5
0,0,0,0,0,485689.0,50919.0,10073.0,3.13,0.0,0.0,85,71,-208,201.0,1,31,22,152,2016,5
0,0,0,0,0,586816.0,38418.0,8998.0,6.04,0.0,0.0,83,66,-207,201.0,2,1,22,153,2016,6
0,0,0,0,0,571583.0,38792.0,7006.0,4.7,0.0,0.0,78,62,-206,201.0,3,2,22,154,2016,6
0,0,0,0,0,805178.0,43999.0,7657.0,1.34,0.04,0.0,70,63,-205,201.0,4,3,22,155,2016,6
0,0,0,0,0,601740.0,23336.0,6178.0,2.46,0.4,0.0,83,66,-204,201.0,5,4,22,156,2016,6
0,0,0,0,0,601655.0,26790.0,6909.0,3.36,0.91,0.0,71,65,-203,201.0,6,5,22,157,2016,6
0,0,0,0,0,462610.0,26826.0,5159.0,5.59,0.0,0.0,83,65,-202,201.0,0,6,23,158,2016,6
0,0,0,0,0,1097184.0,93035.0,6714.0,5.14,0.0,0.0,85,64,-201,201.0,1,7,23,159,2016,6
0,0,0,0,0,664261.0,133015.0,8834.0,7.61,0.45,0.0,67,52,-200,201.0,2,8,23,160,2016,6
0,0,0,0,0,662254.0,33736.0,6289.0,8.95,0.0,0.0,71,54,-199,201.0,3,9,23,161,2016,6
0,0,0,0,0,1058113.0,34112.0,6628.0,5.37,0.0,0.0,77,57,-198,201.0,4,10,23,162,2016,6
0,0,0,0,0,864337.0,22102.0,6079.0,3.36,0.0,0.0,88,59,-197,201.0,5,11,23,163,2016,6
0,0,0,0,0,558744.0,51066.0,5265.0,8.05,0.0,0.0,83,62,-196,201.0,6,12,23,164,2016,6
195,0,0,0,0,738122.0,44577.0,8255.0,7.38,0.0,0.0,74,57,-195,201.0,0,13,24,165,2016,6
192,0,0,0,0,722344.0,35495.0,7839.0,4.25,0.0,0.0,79,58,-194,201.0,1,14,24,166,2016,6
347,0,0,0,0,687910.0,72431.0,9362.0,2.46,0.0,0.0,85,62,-193,201.0,2,15,24,167,2016,6
266,0,0,0,0,698792.0,44049.0,7348.0,1.79,0.22,0.0,74,65,-192,201.0,3,16,24,168,2016,6
263,0,0,0,0,1046520.0,45847.0,12147.0,4.7,0.0,0.0,78,63,-191,201.0,4,17,24,169,2016,6
162,0,0,0,0,1061625.0,34980.0,10362.0,2.68,0.0,0.0,87,61,-190,201.0,5,18,24,170,2016,6
219,0,0,0,0,677879.0,30410.0,8015.0,2.91,0.0,0.0,88,66,-189,201.0,6,19,24,171,2016,6
294,1,1,0,0,1888186.0,64097.0,11280.0,3.13,0.0,0.0,84,64,-188,201.0,0,20,25,172,2016,6
310,0,0,0,0,2744964.0,51296.0,8301.0,4.92,0.0,0.0,87,72,-187,201.0,1,21,25,173,2016,6
242,0,0,0,0,1336108.0,30436.0,10562.0,4.03,0.0,0.0,86,68,-186,201.0,2,22,25,174,2016,6
360,0,0,0,0,1365724.0,95900.0,11491.0,2.01,0.0,0.0,83,69,-185,201.0,3,23,25,175,2016,6
243,0,0,0,0,714593.0,67008.0,7795.0,6.26,0.0,0.0,84,67,-184,201.0,4,24,25,176,2016,6
176,0,0,0,0,598404.0,27559.0,6298.0,3.58,0.0,0.0,86,64,-183,201.0,5,25,25,177,2016,6
240,0,0,0,0,796902.0,22141.0,11467.0,2.46,0.0,0.0,87,67,-182,201.0,6,26,25,178,2016,6
260,0,0,0,0,839937.0,55576.0,15045.0,4.92,0.45,0.0,83,67,-181,201.0,0,27,26,179,2016,6
300,0,0,0,0,842669.0,46855.0,10334.0,3.58,0.12,0.0,76,68,-180,201.0,1,28,26,180,2016,6
308,0,0,0,0,861607.0,55448.0,8734.0,2.24,0.01,0.0,83,67,-179,201.0,2,29,26,181,2016,6
313,0,0,0,0,608183.0,34501.0,7814.0,2.91,0.0,0.0,85,67,-178,201.0,3,30,26,182,2016,6
223,0,0,0,0,1307272.0,49317.0,9078.0,3.36,0.83,0.0,79,66,-177,201.0,4,1,26,183,2016,7
250,0,0,0,0,1451707.0,24994.0,7845.0,5.37,0.0,0.0,76,63,-176,201.0,5,2,26,184,2016,7
211,0,0,0,0,1136928.0,25115.0,6301.0,3.13,0.0,0.0,78,64,-175,201.0,6,3,26,185,2016,7
269,0,0,0,0,1133340.0,155212.0,9875.0,3.13,0.49,0.0,84,66,-174,201.0,0,4,27,186,2016,7
312,0,0,0,0,1035759.0,72901.0,9517.0,2.91,0.66,0.0,86,69,-173,201.0,1,5,27,187,2016,7
282,0,0,0,0,588970.0,56651.0,9242.0,2.46,0.0,0.0,91,75,-172,201.0,2,6,27,188,2016,7
326,0,0,0,0,649575.0,47710.0,8841.0,2.01,0.04,0.0,89,77,-171,201.0,3,7,27,189,2016,7
295,0,0,0,0,608493.0,55515.0,7039.0,5.37,0.08,0.0,86,67,-170,201.0,4,8,27,190,2016,7
257,0,0,0,0,684763.0,30060.0,6737.0,4.03,0.53,0.0,72,65,-169,201.0,5,9,27,191,2016,7
286,0,0,0,0,665363.0,41323.0,8756.0,4.25,0.0,0.0,80,66,-168,201.0,6,10,27,192,2016,7
409,0,0,0,0,658200.0,54495.0,11532.0,3.36,0.0,0.0,81,65,-167,201.0,0,11,28,193,2016,7
347,0,0,0,0,606127.0,89590.0,6933.0,4.25,0.0,0.0,82,68,-166,201.0,1,12,28,194,2016,7
357,0,0,0,0,2113170.0,43032.0,7742.0,4.7,0.0,0.0,85,71,-165,201.0,2,13,28,195,2016,7
347,0,0,0,0,2566866.0,53660.0,9394.0,2.91,0.62,0.0,88,73,-164,201.0,3,14,28,196,2016,7
301,0,0,0,0,1111837.0,60795.0,9800.0,4.47,0.0,0.0,88,79,-163,201.0,4,15,28,197,2016,7
214,0,0,0,0,1446258.0,28151.0,9627.0,4.25,0.0,0.0,90,75,-162,201.0,5,16,28,198,2016,7
262,0,0,0,0,1542664.0,23881.0,6743.0,2.68,0.0,0.0,89,75,-161,201.0,6,17,28,199,2016,7
354,0,0,0,0,1357244.0,37066.0,9341.0,5.82,0.35,0.0,93,72,-160,201.0,0,18,29,200,2016,7
370,0,0,0,0,1745165.0,41983.0,7788.0,4.92,0.0,0.0,83,73,-159,201.0,1,19,29,201,2016,7
376,0,0,0,0,1476790.0,94193.0,8425.0,3.13,0.0,0.0,85,68,-158,201.0,2,20,29,202,2016,7
282,0,0,0,0,791078.0,57262.0,8093.0,5.14,0.0,0.0,90,71,-157,201.0,3,21,29,203,2016,7
270,0,0,0,0,1067414.0,46634.0,11441.0,6.49,0.0,0.0,94,74,-156,201.0,4,22,29,204,2016,7
252,0,0,0,0,1095318.0,44177.0,12249.0,4.92,0.0,0.0,96,80,-155,201.0,5,23,29,205,2016,7
294,0,0,0,0,1043024.0,34281.0,10750.0,4.03,0.0,0.0,94,75,-154,201.0,6,24,29,206,2016,7
470,0,0,0,0,884853.0,64765.0,9794.0,3.36,1.0,0.0,93,73,-153,201.0,0,25,30,207,2016,7
473,0,0,0,0,753632.0,83383.0,8208.0,4.25,0.0,0.0,89,72,-152,201.0,1,26,30,208,2016,7
450,0,0,0,0,979923.0,61295.0,13447.0,2.01,0.0,0.0,91,74,-151,201.0,2,27,30,209,2016,7
430,0,0,0,0,897480.0,56322.0,11444.0,3.13,0.0,0.0,95,75,-150,201.0,3,28,30,210,2016,7
375,0,0,0,0,988989.0,48488.0,9942.0,4.25,1.09,0.0,85,69,-149,201.0,4,29,30,211,2016,7
273,0,0,0,0,978663.0,35554.0,9903.0,3.58,0.25,0.0,84,73,-148,201.0,5,30,30,212,2016,7
378,0,0,0,0,679063.0,23518.0,9675.0,4.25,1.08,0.0,78,71,-147,201.0,6,31,30,213,2016,7
496,0,0,0,0,515818.0,62633.0,7102.0,4.92,0.0,0.0,80,69,-146,201.0,0,1,31,214,2016,8
428,1,1,0,0,707574.0,65334.0,7653.0,6.93,0.0,0.0,79,68,-145,201.0,1,2,31,215,2016,8
353,0,0,0,0,567910.0,39287.0,6350.0,2.91,0.0,0.0,80,66,-144,201.0,2,3,31,216,2016,8
347,0,0,0,0,717798.0,41756.0,6381.0,2.01,0.0,0.0,81,67,-143,201.0,3,4,31,217,2016,8
354,0,0,0,0,850222.0,64265.0,8825.0,3.8,0.0,0.0,83,69,-142,201.0,4,5,31,218,2016,8
257,0,0,0,0,1019759.0,27710.0,8382.0,5.14,0.05,0.0,87,72,-141,201.0,5,6,31,219,2016,8
314,0,0,0,0,775335.0,31035.0,6170.0,4.03,0.0,0.0,86,70,-140,201.0,6,7,31,220,2016,8
400,0,0,0,0,805587.0,30346.0,4131.0,1.34,0.0,0.0,86,71,-139,201.0,0,8,32,221,2016,8
3243,0,0,0,0,738609.0,28288.0,5584.0,2.68,0.0,0.0,87,71,-138,201.0,1,9,32,222,2016,8
431,1,1,0,0,313651.0,27129.0,5235.0,4.03,0.09,0.0,86,75,-137,201.0,2,10,32,223,2016,8
508,0,0,0,0,282687.0,47292.0,5847.0,4.47,0.15,0.0,91,74,-136,201.0,3,11,32,224,2016,8
474,0,0,0,0,616480.0,41072.0,4075.0,5.14,0.32,0.0,93,73,-135,201.0,4,12,32,225,2016,8
281,0,0,0,0,431515.0,26051.0,2862.0,4.03,0.0,0.0,96,81,-134,201.0,5,13,32,226,2016,8
325,0,0,0,0,362415.0,22833.0,4387.0,3.8,0.06,0.0,94,78,-133,201.0,6,14,32,227,2016,8
418,0,0,0,0,376647.0,42090.0,4833.0,2.91,0.0,0.0,92,77,-132,201.0,0,15,33,228,2016,8
535,0,0,0,0,407917.0,40543.0,5196.0,4.03,0.11,0.0,87,78,-131,201.0,1,16,33,229,2016,8
567,1,1,0,0,595794.0,31028.0,5771.0,5.37,0.01,0.0,85,77,-130,201.0,2,17,33,230,2016,8
1085,0,0,0,0,461776.0,35362.0,10191.0,1.57,0.03,0.0,85,72,-129,201.0,3,18,33,231,2016,8
758,0,0,0,0,482711.0,84343.0,7011.0,2.24,0.01,0.0,88,74,-128,201.0,4,19,33,232,2016,8
413,0,0,0,0,360698.0,32479.0,5259.0,4.7,0.82,0.0,83,70,-127,201.0,5,20,33,233,2016,8
571,0,0,0,0,338056.0,32583.0,5241.0,4.25,0.31,0.0,86,73,-126,201.0,6,21,33,234,2016,8
966,0,0,0,0,568118.0,30758.0,5217.0,5.82,0.0,0.0,79,65,-125,201.0,0,22,34,235,2016,8
3504,0,0,1,0,1593391.0,40247.0,6713.0,1.79,0.0,0.0,82,61,-124,201.0,1,23,34,236,2016,8
1504,0,0,0,1,984671.0,27750.0,6353.0,1.79,0.0,0.0,88,68,-123,201.0,2,24,34,237,2016,8
973,0,0,0,0,433752.0,54590.0,5091.0,1.79,0.01,0.0,86,69,-122,201.0,3,25,34,238,2016,8
874,0,0,0,0,377110.0,38739.0,3772.0,1.79,0.0,0.0,90,75,-121,201.0,4,26,34,239,2016,8
806,0,0,0,0,329571.0,26992.0,4891.0,2.68,0.0,0.0,89,73,-120,201.0,5,27,34,240,2016,8
825,0,0,0,0,234944.0,30503.0,5566.0,2.46,0.0,0.0,89,72,-119,201.0,6,28,34,241,2016,8
977,0,0,0,0,420528.0,30107.0,4810.0,5.37,0.0,0.0,91,74,-118,201.0,0,29,35,242,2016,8
1045,0,0,0,0,317723.0,43912.0,4844.0,3.13,0.0,0.0,86,69,-117,201.0,1,30,35,243,2016,8
1300,0,0,0,0,491231.0,26456.0,14597.0,3.36,0.0,0.0,89,74,-116,201.0,2,31,35,244,2016,8
1412,1,0,0,0,440405.0,21412.0,10496.0,1.79,0.5,0.0,79,69,-115,201.0,3,1,35,245,2016,9
1290,0,0,0,0,388804.0,22048.0,6513.0,6.04,0.0,0.0,81,66,-114,201.0,4,2,35,246,2016,9
876,0,0,0,0,369264.0,22895.0,6696.0,6.71,0.0,0.0,75,66,-113,201.0,5,3,35,247,2016,9
890,0,0,0,0,240086.0,29335.0,6028.0,6.71,0.0,0.0,80,65,-112,201.0,6,4,35,248,2016,9
1225,0,0,0,0,290109.0,33314.0,6674.0,7.61,0.0,0.0,84,65,-111,201.0,0,5,36,249,2016,9
1335,0,0,0,0,332313.0,23082.0,8710.0,9.62,0.0,0.0,80,71,-110,201.0,1,6,36,250,2016,9
1415,0,0,0,0,394448.0,21629.0,10362.0,6.49,0.0,0.0,85,71,-109,201.0,2,7,36,251,2016,9
1615,0,0,0,0,274419.0,22962.0,6704.0,2.68,0.0,0.0,89,71,-108,201.0,3,8,36,252,2016,9
1129,0,0,0,0,213535.0,25879.0,5175.0,3.8,0.22,0.0,91,75,-107,201.0,4,9,36,253,2016,9
1107,0,0,0,0,277439.0,20702.0,6399.0,4.03,0.0,0.0,90,74,-106,201.0,5,10,36,254,2016,9
1193,0,0,0,0,272298.0,20882.0,6553.0,5.82,0.0,0.0,83,67,-105,201.0,6,11,36,255,2016,9
1326,0,0,0,0,232578.0,30106.0,5987.0,4.25,0.0,0.0,78,62,-104,201.0,0,12,37,256,2016,9
1252,0,0,0,0,312663.0,23005.0,7922.0,4.03,0.0,0.0,83,64,-103,201.0,1,13,37,257,2016,9
1731,0,0,0,0,253814.0,22902.0,13786.0,4.92,0.56,0.0,91,67,-102,201.0,2,14,37,258,2016,9
1443,0,0,0,0,411984.0,25250.0,7042.0,4.92,0.0,0.0,74,61,-101,201.0,3,15,37,259,2016,9
2330,0,0,0,0,985596.0,25139.0,8572.0,2.68,0.0,0.0,73,61,-100,201.0,4,16,37,260,2016,9
2352,0,0,0,0,555346.0,22820.0,7458.0,3.36,0.0,0.0,77,59,-99,201.0,5,17,37,261,2016,9
1532,0,0,0,0,328588.0,26873.0,6820.0,3.58,0.0,0.0,82,70,-98,201.0,6,18,37,262,2016,9
1590,0,0,0,0,377187.0,57592.0,7542.0,2.46,0.68,0.0,76,69,-97,201.0,0,19,38,263,2016,9
1550,0,0,0,0,288541.0,33397.0,7078.0,2.24,0.0,0.0,82,68,-96,201.0,1,20,38,264,2016,9
5848,0,0,0,0,320092.0,48978.0,7192.0,3.8,0.0,0.0,84,68,-95,201.0,2,21,38,265,2016,9
1292,0,0,0,0,233114.0,33195.0,6179.0,1.79,0.01,0.0,87,64,-93,201.0,4,23,38,267,2016,9
1100,0,0,0,0,291752.0,21822.0,7244.0,5.14,0.2,0.0,71,58,-92,201.0,5,24,38,268,2016,9
1460,1,0,0,0,293604.0,25091.0,6608.0,2.91,0.0,0.0,70,54,-91,201.0,6,25,38,269,2016,9
1805,1,0,0,0,620970.0,29531.0,7455.0,4.47,0.0,0.0,74,54,-90,201.0,0,26,39,270,2016,9
1774,1,0,0,0,472375.0,28941.0,11430.0,3.13,0.22,0.0,74,64,-89,201.0,1,27,39,271,2016,9
1898,1,0,0,0,644939.0,109076.0,12966.0,8.05,0.0,0.0,69,56,-88,201.0,2,28,39,272,2016,9
2016,1,0,0,0,696278.0,45110.0,15457.0,11.18,0.0,0.0,64,57,-87,201.0,3,29,39,273,2016,9
2123,1,0,0,0,786605.0,32622.0,10313.0,9.62,0.4,0.0,59,56,-86,201.0,4,30,39,274,2016,9
2020,1,0,0,0,565642.0,20059.0,10877.0,7.61,0.0,0.0,62,56,-85,201.0,5,1,39,275,2016,10
2202,1,0,0,0,484524.0,23572.0,11607.0,2.68,0.0,0.0,63,57,-84,201.0,6,2,39,276,2016,10
2699,1,0,0,0,1024977.0,20995.0,10302.0,2.24,0.0,0.0,72,60,-83,201.0,0,3,40,277,2016,10
2918,1,0,0,0,403039.0,18877.0,10306.0,7.61,0.0,0.0,69,60,-82,201.0,1,4,40,278,2016,10
3017,1,0,0,0,509950.0,24621.0,15318.0,4.7,0.0,0.0,67,53,-81,201.0,2,5,40,279,2016,10
2970,1,0,0,0,1051326.0,22494.0,9133.0,2.01,0.0,0.0,73,55,-80,201.0,3,6,40,280,2016,10
2589,1,0,0,0,1345883.0,19046.0,7837.0,2.46,0.0,0.0,75,57,-79,201.0,4,7,40,281,2016,10
2527,1,0,0,0,693188.0,19582.0,10014.0,2.01,0.23,0.0,68,58,-78,201.0,5,8,40,282,2016,10
2981,0,0,0,0,600488.0,16802.0,11587.0,7.38,0.55,0.0,65,51,-77,201.0,6,9,40,283,2016,10
3014,0,0,0,0,378593.0,37399.0,9633.0,4.7,0.0,0.0,64,47,-76,201.0,0,10,41,284,2016,10
3321,0,0,0,0,440980.0,19727.0,11660.0,3.58,0.0,0.0,63,46,-75,201.0,1,11,41,285,2016,10
4022,0,0,0,0,1114289.0,26630.0,20959.0,1.12,0.0,0.0,66,53,-74,201.0,2,12,41,286,2016,10
3710,0,0,0,0,2326539.0,36501.0,11973.0,2.91,0.0,0.0,67,53,-73,201.0,3,13,41,287,2016,10
3131,0,0,0,0,2009112.0,21046.0,19409.0,4.7,0.0,0.0,62,47,-72,201.0,4,14,41,288,2016,10
2306,0,0,0,0,1243790.0,19402.0,26088.0,3.13,0.0,0.0,65,45,-71,201.0,5,15,41,289,2016,10
3174,0,0,0,0,747944.0,23248.0,12701.0,4.03,0.0,0.0,69,53,-70,201.0,6,16,41,290,2016,10
3315,0,0,0,0,723093.0,25408.0,11332.0,2.68,0.0,0.0,81,63,-69,201.0,0,17,42,291,2016,10
3549,0,0,0,0,514176.0,25779.0,11726.0,4.47,0.0,0.0,85,65,-67,201.0,2,19,42,293,2016,10
3684,0,0,0,0,684246.0,28955.0,16797.0,6.26,0.0,0.0,70,62,-66,201.0,3,20,42,294,2016,10
3305,0,0,0,0,647460.0,25863.0,12991.0,2.24,1.11,0.0,69,57,-65,201.0,4,21,42,295,2016,10
3350,0,0,0,0,619678.0,17937.0,18577.0,10.51,0.29,0.0,57,47,-64,201.0,5,22,42,296,2016,10
3474,0,0,0,0,1188856.0,24332.0,14018.0,8.5,0.0,0.0,61,45,-63,201.0,6,23,42,297,2016,10
4533,0,0,0,0,1201198.0,21403.0,22466.0,6.04,0.0,0.0,62,47,-62,201.0,0,24,43,298,2016,10
4867,0,0,0,0,1109041.0,24753.0,58564.0,6.49,0.0,0.0,52,43,-61,201.0,1,25,43,299,2016,10
4903,0,0,0,0,805574.0,22823.0,44281.0,4.03,0.0,0.0,51,38,-60,201.0,2,26,43,300,2016,10
5324,0,0,0,0,830993.0,27508.0,35928.0,5.14,1.41,0.0,55,40,-59,201.0,3,27,43,301,2016,10
5101,0,0,0,0,633340.0,21131.0,17053.0,8.28,0.0,0.0,51,42,-58,201.0,4,28,43,302,2016,10
4555,0,0,0,0,304823.0,17629.0,13190.0,4.25,0.0,0.0,64,39,-57,201.0,5,29,43,303,2016,10
4986,0,0,0,0,293010.0,18992.0,16358.0,3.8,0.56,0.0,76,54,-56,201.0,6,30,43,304,2016,10
4876,0,0,0,0,185901.0,24993.0,14435.0,4.92,0.0,0.0,54,44,-55,201.0,0,31,44,305,2016,10
6701,0,0,0,0,1021874.0,37184.0,28354.0,3.13,0.0,0.0,58,40,-54,201.0,1,1,44,306,2016,11
7568,0,0,0,0,852647.0,17454.0,40198.0,3.13,0.0,0.0,70,54,-53,201.0,2,2,44,307,2016,11
7956,0,0,0,0,1463929.0,45493.0,50826.0,5.14,0.0,0.0,72,57,-52,201.0,3,3,44,308,2016,11
7796,0,0,0,0,1199164.0,26052.0,52892.0,4.7,0.0,0.0,61,47,-51,201.0,4,4,44,309,2016,11
6544,0,0,0,0,701260.0,18384.0,35885.0,3.13,0.0,0.0,62,44,-50,201.0,5,5,44,310,2016,11
8249,0,0,0,0,774505.0,37573.0,34705.0,7.61,0.0,0.0,59,45,-49,201.0,6,6,44,311,2016,11
10360,0,0,0,0,1213064.0,226235.0,50128.0,5.37,0.0,0.0,53,41,-48,201.0,0,7,45,312,2016,11
9116,0,0,0,0,1001630.0,40626.0,31809.0,2.46,0.0,0.0,66,41,-47,201.0,1,8,45,313,2016,11
7519,0,0,0,0,705237.0,32725.0,20785.0,3.58,0.06,0.0,59,49,-46,201.0,2,9,45,314,2016,11
10256,0,0,0,0,1190126.0,37851.0,27000.0,5.82,0.0,0.0,56,40,-45,201.0,3,10,45,315,2016,11
10320,0,0,0,0,1119764.0,28214.0,26790.0,8.28,0.0,0.0,63,41,-44,199.0,4,11,45,316,2016,11
9707,0,0,0,0,1074315.0,22100.0,38451.0,5.37,0.0,0.0,50,37,-43,195.0,5,12,45,317,2016,11
9913,0,0,0,0,621545.0,22977.0,35511.0,5.37,0.0,0.0,61,41,-42,191.0,6,13,45,318,2016,11
11228,0,0,0,0,958567.0,19700.0,29216.0,3.58,0.0,0.0,62,46,-41,188.0,0,14,46,319,2016,11
11528,0,0,0,0,1595618.0,48737.0,31741.0,5.59,1.81,0.0,56,47,-40,186.0,1,15,46,320,2016,11
10754,0,0,0,0,1087593.0,30844.0,29742.0,4.03,0.0,0.0,61,45,-39,184.0,2,16,46,321,2016,11
11304,0,0,0,0,671850.0,23954.0,31768.0,4.25,0.0,0.0,61,49,-38,184.0,3,17,46,322,2016,11
11807,0,0,0,0,1139764.0,20205.0,34965.0,2.46,0.0,0.0,64,44,-37,182.0,4,18,46,323,2016,11
10285,0,0,0,0,502750.0,18716.0,26979.0,4.92,0.25,0.0,63,37,-36,180.0,5,19,46,324,2016,11
11679,0,0,0,0,516143.0,17335.0,30058.0,10.29,0.31,0.0,42,34,-35,176.0,6,20,46,325,2016,11
12261,0,0,0,0,635395.0,48299.0,30014.0,13.2,0.0,0.0,41,36,-34,172.0,0,21,47,326,2016,11
12263,0,0,0,0,875934.0,34321.0,35368.0,9.62,0.0,0.0,41,37,-33,170.0,1,22,47,327,2016,11
11271,0,0,0,0,1322572.0,56190.0,27533.0,4.92,0.0,0.0,45,35,-32,167.0,2,23,47,328,2016,11
10745,0,0,0,0,1763273.0,201275.0,35818.0,4.47,0.03,0.0,48,38,-31,164.0,3,24,47,329,2016,11
16295,0,0,0,0,1123643.0,33037.0,44546.0,2.01,0.02,0.0,54,45,-30,161.0,4,25,47,330,2016,11
11869,0,0,0,0,1454409.0,21503.0,33856.0,4.47,0.0,0.0,50,40,-29,156.0,5,26,47,331,2016,11
11998,0,0,0,0,1254031.0,28863.0,36686.0,4.7,0.0,0.0,50,39,-28,151.0,6,27,47,332,2016,11
17452,0,0,0,0,1020503.0,32714.0,52877.0,3.36,0.0,0.0,52,38,-27,147.0,0,28,48,333,2016,11
12888,0,0,0,0,1225515.0,44852.0,46908.0,4.92,2.2,0.0,60,51,-26,145.0,1,29,48,334,2016,11
11452,0,0,0,0,1733576.0,190161.0,42393.0,6.26,0.73,0.0,58,50,-25,142.0,2,30,48,335,2016,11
11018,0,0,0,0,1257389.0,64962.0,39737.0,7.61,0.07,0.0,54,42,-24,139.0,3,1,48,336,2016,12
11713,0,0,0,0,1864745.0,90141.0,30586.0,8.72,0.0,0.0,51,40,-23,135.0,4,2,48,337,2016,12
10988,0,0,0,0,2149263.0,45181.0,30598.0,8.72,0.0,0.0,47,41,-22,130.0,5,3,48,338,2016,12
10851,0,0,0,0,1719425.0,32357.0,35445.0,4.92,0.0,0.0,47,39,-21,124.0,6,4,48,339,2016,12
11475,0,0,0,0,1422148.0,62281.0,35824.0,5.59,0.19,0.0,49,38,-20,119.0,0,5,49,340,2016,12
11240,0,0,0,0,1429109.0,45640.0,28959.0,5.37,0.35,0.0,46,37,-19,115.0,1,6,49,341,2016,12
10362,0,0,0,0,1365610.0,72886.0,26226.0,3.8,0.09,0.0,46,40,-18,111.0,2,7,49,342,2016,12
10231,0,0,0,0,1132643.0,51544.0,26728.0,3.8,0.0,0.0,45,35,-17,107.0,3,8,49,343,2016,12
11204,0,0,0,0,1568765.0,34670.0,40964.0,3.8,0.0,0.0,39,29,-16,103.0,4,9,49,344,2016,12
10433,0,0,0,0,1347719.0,24063.0,33385.0,6.04,0.0,0.0,35,28,-15,98.0,5,10,49,345,2016,12
9847,0,0,0,0,1022677.0,29497.0,29403.0,4.03,0.03,0.4,35,28,-14,92.0,6,11,49,346,2016,12
10807,0,0,0,0,1080100.0,62869.0,29528.0,6.26,0.5,0.0,46,34,-13,87.0,0,12,50,347,2016,12
10246,0,0,0,0,1282029.0,94648.0,29647.0,4.03,0.0,0.0,43,35,-12,83.0,1,13,50,348,2016,12
9548,0,0,0,0,1662484.0,70693.0,28553.0,5.59,0.0,0.0,42,34,-11,80.0,2,14,50,349,2016,12
8757,0,0,0,0,1390723.0,76437.0,27748.0,10.96,0.0,0.0,34,19,-10,76.0,3,15,50,350,2016,12
9453,0,0,0,0,1620773.0,140714.0,26755.0,6.04,0.0,0.0,27,17,-9,73.0,4,16,50,351,2016,12
8864,0,0,0,0,1618952.0,42039.0,23894.0,4.25,0.73,2.8,39,24,-8,68.0,5,17,50,352,2016,12
8748,0,0,0,0,1166162.0,45116.0,24552.0,7.38,0.04,0.0,58,31,-7,62.0,6,18,50,353,2016,12
10281,0,0,0,0,1203311.0,63595.0,26930.0,6.71,0.0,0.0,31,23,-6,57.0,0,19,51,354,2016,12
9040,0,0,0,0,1618977.0,58086.0,28518.0,3.13,0.0,0.0,33,20,-5,53.0,1,20,51,355,2016,12
8583,0,0,0,0,1792673.0,43476.0,26987.0,2.91,0.0,0.0,40,30,-4,49.0,2,21,51,356,2016,12
8110,0,0,0,0,1778058.0,141557.0,27746.0,6.26,0.0,0.0,49,37,-3,45.0,3,22,51,357,2016,12
8035,0,0,0,0,831822.0,293125.0,26949.0,6.49,0.0,0.0,47,38,-2,41.0,4,23,51,358,2016,12
5610,0,0,0,0,913695.0,65005.0,17844.0,4.92,0.47,0.0,47,38,-1,36.0,5,24,51,359,2016,12
6157,0,0,0,0,997014.0,36947.0,19013.0,6.26,0.0,0.0,50,36,0,33.0,6,25,51,360,2016,12
7116,0,0,0,0,1281740.0,41988.0,21691.0,6.49,0.02,0.0,50,33,1,29.0,0,26,52,361,2016,12
6553,0,0,0,0,1837479.0,94284.0,24576.0,7.16,0.0,0.0,60,40,2,24.0,1,27,52,362,2016,12
5357,0,0,0,0,2504968.0,100393.0,22726.0,5.14,0.0,0.0,40,34,3,20.0,2,28,52,363,2016,12
4945,0,0,0,0,4740160.0,90001.0,22012.0,5.37,0.39,0.0,46,33,4,16.0,3,29,52,364,2016,12
2844,0,0,0,0,3733991.0,68971.0,13717.0,9.4,0.01,0.0,40,33,5,12.0,4,30,52,365,2016,12
633,0,0,0,0,2091412.0,46527.0,8279.0,6.93,0.0,0.0,44,31,6,8.0,5,31,52,366,2016,12
329,0,0,0,0,1486237.0,40257.0,8561.0,5.59,0.0,0.0,48,40,7,6.0,6,1,52,1,2017,1
18,0,0,0,0,1190480.0,46253.0,7447.0,9.17,0.21,0.0,41,37,8,3.0,0,2,1,2,2017,1
0,0,0,0,0,758710.0,47790.0,14511.0,10.74,0.58,0.0,43,39,-356,199.0,1,3,1,3,2017,1
0,0,0,0,0,649847.0,31651.0,11015.0,8.05,0.0,0.0,52,34,-355,199.0,2,4,1,4,2017,1
0,0,0,0,0,486038.0,28851.0,8739.0,7.83,0.0,0.0,34,27,-354,199.0,3,5,1,5,2017,1
0,0,0,0,0,619575.0,25641.0,9001.0,4.7,0.05,1.2,33,25,-353,199.0,4,6,1,6,2017,1
0,0,0,0,0,512159.0,28660.0,9802.0,7.61,0.32,5.1,26,20,-352,199.0,5,7,1,7,2017,1
0,0,0,0,0,238782.0,28662.0,5142.0,8.72,0.0,0.0,25,16,-351,199.0,6,8,1,8,2017,1
0,0,0,0,0,207970.0,21425.0,4602.0,5.14,0.0,0.0,23,14,-350,199.0,0,9,2,9,2017,1
0,0,0,0,0,276725.0,17612.0,5064.0,4.7,0.0,0.0,46,21,-349,199.0,1,10,2,10,2017,1
0,0,0,0,0,294034.0,18613.0,4213.0,5.82,0.52,0.0,52,42,-348,199.0,2,11,2,11,2017,1
0,0,0,0,0,278832.0,18803.0,4532.0,7.61,0.05,0.0,66,47,-347,199.0,3,12,2,12,2017,1
0,0,0,0,0,542680.0,52403.0,7665.0,7.16,0.0,0.0,62,32,-346,199.0,4,13,2,13,2017,1
0,0,0,0,0,633883.0,28486.0,10128.0,4.25,0.12,0.6,34,28,-345,199.0,5,14,2,14,2017,1
0,0,0,0,0,707353.0,36873.0,11915.0,4.25,0.0,0.0,38,30,-344,199.0,6,15,2,15,2017,1
0,0,0,0,0,935542.0,44255.0,10666.0,4.7,0.0,0.0,43,30,-343,199.0,0,16,3,16,2017,1
4,0,0,0,0,655210.0,24195.0,9544.0,4.92,0.35,0.0,42,38,-342,199.0,1,17,3,17,2017,1
0,0,0,0,0,793202.0,21055.0,8202.0,5.82,0.06,0.0,41,38,-341,199.0,2,18,3,18,2017,1
0,0,0,0,0,469206.0,21468.0,5371.0,3.58,0.0,0.0,49,39,-340,199.0,3,19,3,19,2017,1
0,0,0,0,0,219220.0,32894.0,9119.0,4.03,0.1,0.0,45,40,-339,199.0,4,20,3,20,2017,1
0,0,0,0,0,129394.0,8085.0,3287.0,3.8,0.0,0.0,49,41,-338,199.0,5,21,3,21,2017,1
0,0,0,0,0,98421.0,9309.0,3601.0,6.71,0.05,0.0,48,43,-337,199.0,6,22,3,22,2017,1
0,0,0,0,0,380231.0,18306.0,2773.0,18.34,1.16,0.0,44,36,-336,199.0,0,23,4,23,2017,1
68,0,0,0,0,332190.0,14935.0,3159.0,10.07,1.18,0.0,38,35,-335,199.0,1,24,4,24,2017,1
0,0,0,0,0,498392.0,20984.0,5320.0,6.71,0.0,0.0,51,36,-334,199.0,2,25,4,25,2017,1
0,0,0,0,0,681922.0,30732.0,10494.0,6.71,0.02,0.0,56,43,-333,199.0,3,26,4,26,2017,1
25,0,0,0,0,635502.0,31025.0,9076.0,8.95,0.0,0.0,43,36,-332,199.0,4,27,4,27,2017,1
0,0,0,0,0,712625.0,19975.0,10101.0,7.83,0.0,0.0,39,34,-331,199.0,5,28,4,28,2017,1
0,0,0,0,0,473119.0,34002.0,6114.0,5.82,0.0,0.0,43,35,-330,199.0,6,29,4,29,2017,1
8,0,0,0,0,426790.0,26903.0,5217.0,6.26,0.0,0.0,37,30,-329,199.0,0,30,5,30,2017,1
0,0,0,0,0,469419.0,18355.0,7095.0,4.03,0.06,1.0,34,26,-328,199.0,1,31,5,31,2017,1
0,0,0,0,0,371261.0,15847.0,5079.0,5.82,0.0,0.0,47,33,-327,199.0,2,1,5,32,2017,2
0,0,0,0,0,333310.0,15254.0,5248.0,5.37,0.0,0.0,45,32,-326,199.0,3,2,5,33,2017,2
0,0,0,0,0,529798.0,20560.0,6135.0,6.71,0.0,0.0,33,26,-325,199.0,4,3,5,34,2017,2
0,0,0,0,0,962862.0,29952.0,7461.0,8.5,0.0,0.0,34,22,-324,199.0,5,4,5,35,2017,2
0,0,0,0,0,698183.0,42071.0,8221.0,7.16,0.0,0.0,43,31,-323,199.0,6,5,5,36,2017,2
0,0,0,0,0,542631.0,32603.0,5678.0,5.14,0.0,0.0,49,36,-322,199.0,0,6,6,37,2017,2
0,0,0,0,0,506484.0,35767.0,5741.0,6.71,0.27,0.0,42,36,-321,199.0,1,7,6,38,2017,2
0,0,0,0,0,402976.0,31695.0,4544.0,4.7,0.03,0.0,62,38,-320,199.0,2,8,6,39,2017,2
0,0,0,0,0,339412.0,28773.0,5758.0,12.3,1.16,9.4,44,19,-319,199.0,3,9,6,40,2017,2
0,0,0,0,0,700437.0,30340.0,6959.0,8.5,0.0,0.0,32,19,-318,199.0,4,10,6,41,2017,2
0,0,0,0,0,682396.0,38440.0,7114.0,4.03,0.0,0.0,48,30,-317,199.0,5,11,6,42,2017,2
0,0,0,0,0,746882.0,27337.0,4733.0,7.16,0.46,0.0,40,30,-316,199.0,6,12,6,43,2017,2
0,0,0,0,0,601265.0,27798.0,2420.0,12.3,0.02,0.0,39,31,-315,199.0,0,13,7,44,2017,2
0,0,0,0,0,922418.0,18097.0,2719.0,5.37,0.0,0.0,41,28,-314,199.0,1,14,7,45,2017,2
0,0,0,0,0,803354.0,24581.0,4963.0,6.49,0.0,0.0,47,35,-313,199.0,2,15,7,46,2017,2
0,0,0,0,0,661818.0,22625.0,8433.0,10.51,0.0,0.0,35,28,-312,199.0,3,16,7,47,2017,2
0,0,0,0,0,1261889.0,22994.0,8228.0,8.5,0.0,0.0,41,26,-311,199.0,4,17,7,48,2017,2
0,0,0,0,0,1063996.0,22583.0,11139.0,5.82,0.0,0.0,63,35,-310,199.0,5,18,7,49,2017,2
0,0,0,0,0,733981.0,23457.0,11278.0,5.59,0.0,0.0,65,53,-309,199.0,6,19,7,50,2017,2
0,0,0,0,0,569483.0,27623.0,7522.0,7.38,0.0,0.0,55,39,-308,199.0,0,20,8,51,2017,2
0,0,0,0,0,1244111.0,19041.0,7645.0,5.82,0.0,0.0,47,34,-307,199.0,1,21,8,52,2017,2
0,0,0,0,0,943202.0,21183.0,7216.0,2.91,0.0,0.0,57,42,-306,199.0,2,22,8,53,2017,2
0,0,0,0,0,660830.0,60667.0,5082.0,3.58,0.0,0.0,65,44,-305,199.0,3,23,8,54,2017,2
0,0,0,0,0,612151.0,41350.0,3482.0,6.04,0.0,0.0,70,58,-304,199.0,4,24,8,55,2017,2
0,0,0,0,0,409411.0,29220.0,3566.0,6.71,0.54,0.0,63,44,-303,199.0,5,25,8,56,2017,2
0,0,0,0,0,419598.0,29861.0,3841.0,8.95,0.0,0.0,44,36,-302,199.0,6,26,8,57,2017,2
0,0,0,0,0,436434.0,29490.0,2908.0,5.59,0.0,0.0,54,35,-301,199.0,0,27,9,58,2017,2
0,0,0,0,0,523234.0,28997.0,3801.0,4.03,0.0,0.0,59,47,-300,199.0,1,28,9,59,2017,2
0,0,0,0,0,442720.0,26239.0,3174.0,6.04,0.12,0.0,70,54,-299,199.0,2,1,9,60,2017,3
0,0,0,0,0,876581.0,24796.0,5285.0,11.41,0.0,0.0,64,35,-298,199.0,3,2,9,61,2017,3
0,0,0,0,0,763009.0,27821.0,8726.0,8.28,0.0,0.0,39,24,-297,199.0,4,3,9,62,2017,3
0,0,0,0,0,543955.0,24015.0,6629.0,8.95,0.0,0.0,30,17,-296,199.0,5,4,9,63,2017,3
0,0,0,0,0,580398.0,26010.0,7149.0,5.37,0.0,0.0,37,14,-295,199.0,6,5,9,64,2017,3
0,0,0,0,0,459465.0,27118.0,6180.0,3.36,0.0,0.0,45,26,-294,199.0,0,6,10,65,2017,3
0,0,0,0,0,421048.0,28669.0,4784.0,4.25,0.1,0.0,56,42,-293,199.0,1,7,10,66,2017,3
0,0,0,0,0,300455.0,19480.0,3574.0,7.61,0.02,0.0,59,47,-292,199.0,2,8,10,67,2017,3
0,0,0,0,0,232348.0,22677.0,3713.0,8.72,0.0,0.0,61,47,-291,199.0,3,9,10,68,2017,3
0,0,0,0,0,449214.0,22926.0,6641.0,7.61,0.31,2.1,47,23,-290,199.0,4,10,10,69,2017,3
0,0,0,0,0,512736.0,18918.0,8074.0,9.62,0.0,0.0,29,17,-289,199.0,5,11,10,70,2017,3
0,0,0,0,0,565739.0,22719.0,8382.0,8.95,0.0,0.0,29,19,-288,199.0,6,12,10,71,2017,3
0,0,0,0,0,413089.0,19648.0,8394.0,4.47,0.0,0.0,36,20,-287,199.0,0,13,11,72,2017,3
0,0,0,0,0,1213591.0,28091.0,5680.0,13.42,1.97,7.6,32,21,-286,199.0,1,14,11,73,2017,3
0,0,0,0,0,832428.0,31128.0,3671.0,11.63,0.0,0.0,26,20,-285,199.0,2,15,11,74,2017,3
0,0,0,0,0,1248175.0,25806.0,6397.0,7.83,0.0,0.0,39,24,-284,199.0,3,16,11,75,2017,3
0,0,0,0,0,691985.0,24675.0,13811.0,6.49,0.0,0.0,47,29,-283,199.0,4,17,11,76,2017,3
0,0,0,0,0,357694.0,18512.0,12554.0,8.72,0.08,0.0,39,34,-282,199.0,5,18,11,77,2017,3
0,0,0,0,0,444373.0,19276.0,11008.0,8.28,0.0,0.0,47,34,-281,199.0,6,19,11,78,2017,3
0,0,0,0,0,305448.0,19796.0,6932.0,5.14,0.0,0.0,52,33,-280,199.0,0,20,12,79,2017,3
0,0,0,0,0,718273.0,20814.0,5488.0,4.03,0.0,0.0,59,42,-279,199.0,1,21,12,80,2017,3
0,0,0,0,0,575251.0,18810.0,4634.0,11.41,0.0,0.0,50,24,-278,199.0,2,22,12,81,2017,3
0,0,0,0,0,388309.0,26595.0,4097.0,4.92,0.0,0.0,42,23,-277,199.0,3,23,12,82,2017,3
0,0,0,0,0,554070.0,21168.0,3867.0,6.26,0.0,0.0,57,36,-276,199.0,4,24,12,83,2017,3
0,0,0,0,0,361567.0,20952.0,2758.0,6.71,0.01,0.0,62,42,-275,199.0,5,25,12,84,2017,3
0,0,0,0,0,571906.0,20593.0,7776.0,8.28,0.14,0.0,42,37,-274,199.0,6,26,12,85,2017,3
0,0,0,0,0,376403.0,19533.0,5046.0,4.25,0.26,0.0,53,37,-273,199.0,0,27,13,86,2017,3
0,0,0,0,0,467412.0,19998.0,5728.0,5.82,0.72,0.0,46,41,-272,199.0,1,28,13,87,2017,3
0,0,0,0,0,365815.0,22210.0,5223.0,7.83,0.0,0.0,60,42,-271,199.0,2,29,13,88,2017,3
0,0,0,0,0,267573.0,45729.0,5031.0,5.82,0.01,0.0,52,38,-270,199.0,3,30,13,89,2017,3
0,0,0,0,0,524685.0,28954.0,5976.0,10.29,1.51,0.0,43,37,-269,199.0,4,31,13,90,2017,3
0,0,0,0,0,440859.0,19701.0,5207.0,7.61,0.0,0.0,48,37,-268,199.0,5,1,13,91,2017,4
0,0,0,0,0,322137.0,17123.0,3806.0,5.37,0.0,0.0,63,40,-267,199.0,6,2,13,92,2017,4
0,0,0,0,0,343918.0,37399.0,2881.0,4.92,0.03,0.0,63,48,-266,199.0,0,3,14,93,2017,4
0,0,0,0,0,790621.0,21840.0,5801.0,6.93,1.18,0.0,51,45,-265,199.0,1,4,14,94,2017,4
5,0,0,0,0,1317327.0,23790.0,10178.0,3.36,0.0,0.0,65,45,-264,199.0,2,5,14,95,2017,4
0,0,0,0,0,1288015.0,21532.0,5578.0,9.17,0.73,0.0,53,40,-263,199.0,3,6,14,96,2017,4
0,0,0,0,0,658458.0,94620.0,4185.0,10.51,0.0,0.0,51,40,-262,199.0,4,7,14,97,2017,4
0,0,0,0,0,376342.0,42745.0,3663.0,8.28,0.0,0.0,57,40,-261,199.0,5,8,14,98,2017,4
0,0,0,0,0,514742.0,22981.0,6208.0,4.92,0.0,0.0,67,45,-260,199.0,6,9,14,99,2017,4
0,0,0,0,0,455411.0,26770.0,7241.0,6.04,0.0,0.0,74,53,-259,199.0,0,10,15,100,2017,4
0,0,0,0,0,354605.0,19778.0,9020.0,5.59,0.0,0.0,80,61,-258,199.0,1,11,15,101,2017,4
0,0,0,0,0,292575.0,20108.0,6591.0,2.91,0.02,0.0,76,58,-257,199.0,2,12,15,102,2017,4
0,0,0,0,0,1263278.0,17839.0,4353.0,5.14,0.0,0.0,65,48,-256,199.0,3,13,15,103,2017,4
0,0,0,0,0,624429.0,19861.0,4746.0,3.8,0.0,0.0,66,48,-255,199.0,4,14,15,104,2017,4
0,0,0,0,0,383156.0,19099.0,3651.0,5.59,0.0,0.0,65,51,-254,199.0,5,15,15,105,2017,4
0,0,0,0,0,365809.0,19456.0,3484.0,7.38,0.0,0.0,87,59,-253,199.0,6,16,15,106,2017,4
0,0,0,0,0,611117.0,24462.0,3681.0,6.71,0.0,0.0,74,58,-252,199.0,0,17,16,107,2017,4
0,0,0,0,0,955159.0,24370.0,2459.0,6.93,0.0,0.0,65,47,-251,199.0,1,18,16,108,2017,4
0,0,0,0,0,476221.0,19963.0,4197.0,5.59,0.0,0.0,54,45,-250,199.0,2,19,16,109,2017,4
0,0,0,0,0,303306.0,18062.0,4468.0,4.03,0.17,0.0,66,50,-249,199.0,3,20,16,110,2017,4
0,0,0,0,0,374493.0,21198.0,6611.0,7.38,0.29,0.0,53,48,-248,199.0,4,21,16,111,2017,4
0,0,0,0,0,357846.0,15758.0,6251.0,3.58,0.11,0.0,57,49,-247,199.0,5,22,16,112,2017,4
0,0,0,0,0,327747.0,20339.0,4626.0,4.92,0.0,0.0,66,46,-246,199.0,6,23,16,113,2017,4
0,0,0,0,0,218709.0,34933.0,3249.0,3.58,0.0,0.0,60,48,-245,199.0,0,24,17,114,2017,4
0,0,0,0,0,243045.0,45177.0,3287.0,13.2,0.91,0.0,54,49,-244,199.0,1,25,17,115,2017,4
0,0,0,0,0,209779.0,36153.0,3111.0,4.92,0.34,0.0,60,53,-243,199.0,2,26,17,116,2017,4
0,0,0,0,0,791335.0,59540.0,2755.0,2.91,0.0,0.0,70,57,-242,199.0,3,27,17,117,2017,4
0,0,0,0,0,659382.0,51605.0,14505.0,3.13,0.0,0.0,85,58,-241,199.0,4,28,17,118,2017,4
0,0,0,0,0,380661.0,21413.0,9275.0,5.14,0.06,0.0,85,64,-240,199.0,5,29,17,119,2017,4
0,0,0,0,0,301670.0,23201.0,4487.0,6.71,0.0,0.0,67,52,-239,199.0,6,30,17,120,2017,4
0,0,0,0,0,188639.0,12754.0,2843.0,5.14,0.0,0.0,74,49,-238,199.0,0,1,18,121,2017,5
0,0,0,0,0,203599.0,11653.0,2896.0,7.83,0.0,0.0,75,62,-237,199.0,1,2,18,122,2017,5
0,0,0,0,0,183346.0,12723.0,6302.0,8.28,0.0,0.0,65,51,-236,199.0,2,3,18,123,2017,5
0,0,0,0,0,362350.0,22406.0,3307.0,5.37,0.0,0.0,64,47,-235,199.0,3,4,18,124,2017,5
0,0,0,0,0,334942.0,17866.0,2441.0,6.49,3.02,0.0,59,51,-234,199.0,4,5,18,125,2017,5
0,0,0,0,0,293673.0,15444.0,2981.0,6.04,0.18,0.0,67,52,-233,199.0,5,6,18,126,2017,5
0,0,0,0,0,343494.0,20063.0,5054.0,5.59,0.01,0.0,56,47,-232,199.0,6,7,18,127,2017,5
0,0,0,0,0,217675.0,18507.0,3862.0,5.82,0.0,0.0,57,44,-231,199.0,0,8,19,128,2017,5
0,0,0,0,0,343219.0,15468.0,12544.0,4.47,0.0,0.0,63,47,-230,199.0,1,9,19,129,2017,5
0,0,0,0,0,296513.0,15001.0,30437.0,3.36,0.0,0.0,63,49,-229,199.0,2,10,19,130,2017,5
0,0,0,0,0,156311.0,11399.0,30209.0,3.58,0.0,0.0,62,51,-228,199.0,3,11,19,131,2017,5
0,0,0,0,0,480697.0,18273.0,16719.0,4.03,0.0,0.0,65,48,-227,199.0,4,12,19,132,2017,5
0,0,0,0,0,472116.0,15949.0,10883.0,7.61,1.61,0.0,53,45,-226,199.0,5,13,19,133,2017,5
0,0,0,0,0,252429.0,24820.0,5308.0,5.37,0.02,0.0,67,46,-225,199.0,6,14,19,134,2017,5
0,0,0,0,0,153135.0,19529.0,4480.0,8.95,0.0,0.0,68,53,-224,199.0,0,15,20,135,2017,5
0,0,0,0,0,437531.0,18967.0,6734.0,4.25,0.0,0.0,79,56,-223,199.0,1,16,20,136,2017,5
0,0,0,0,0,221310.0,13735.0,6940.0,5.59,0.0,0.0,90,65,-222,199.0,2,17,20,137,2017,5
0,0,0,0,0,451956.0,14290.0,4401.0,5.59,0.0,0.0,92,75,-221,199.0,3,18,20,138,2017,5
0,0,0,0,0,780037.0,17233.0,2808.0,6.26,0.0,0.0,91,66,-220,199.0,4,19,20,139,2017,5
0,0,0,0,0,416578.0,14621.0,2946.0,4.03,0.01,0.0,65,55,-219,199.0,5,20,20,140,2017,5
0,0,0,0,0,348247.0,15871.0,2816.0,4.03,0.0,0.0,69,52,-218,199.0,6,21,20,141,2017,5
0,0,0,0,0,349889.0,17508.0,3142.0,2.68,0.59,0.0,61,53,-217,199.0,0,22,21,142,2017,5
0,0,0,0,0,442026.0,21500.0,7218.0,2.24,0.0,0.0,69,56,-216,199.0,1,23,21,143,2017,5
0,0,0,0,0,328187.0,10743.0,6736.0,4.92,0.04,0.0,69,56,-215,199.0,2,24,21,144,2017,5
0,0,0,0,0,252503.0,16322.0,3386.0,8.05,0.58,0.0,59,56,-214,199.0,3,25,21,145,2017,5
0,0,0,0,0,179546.0,16754.0,2324.0,4.92,0.1,0.0,73,56,-213,199.0,4,26,21,146,2017,5
0,0,0,0,0,241437.0,8508.0,3115.0,3.13,0.0,0.0,71,59,-212,199.0,5,27,21,147,2017,5
0,0,0,0,0,529565.0,13487.0,3319.0,4.47,0.0,0.0,71,58,-211,199.0,6,28,21,148,2017,5
0,0,0,0,0,551532.0,17341.0,2652.0,5.14,0.13,0.0,61,56,-210,199.0,0,29,22,149,2017,5
0,0,0,0,0,272747.0,20365.0,2711.0,2.68,0.06,0.0,60,55,-209,199.0,1,30,22,150,2017,5
0,0,0,0,0,864368.0,22095.0,2605.0,2.46,0.03,0.0,75,58,-208,199.0,2,31,22,151,2017,5
0,0,0,0,0,422036.0,12654.0,4013.0,3.8,0.0,0.0,79,59,-207,199.0,3,1,22,152,2017,6
0,0,0,0,0,588026.0,19544.0,3744.0,4.47,0.01,0.0,76,57,-206,199.0,4,2,22,153,2017,6
0,0,0,0,0,517923.0,9866.0,7433.0,3.58,0.01,0.0,73,55,-205,199.0,5,3,22,154,2017,6
0,0,0,0,0,293316.0,12195.0,3933.0,2.24,0.09,0.0,70,56,-204,199.0,6,4,22,155,2017,6
0,0,0,0,0,234092.0,19705.0,2629.0,4.92,0.02,0.0,67,58,-203,199.0,0,5,23,156,2017,6
0,0,0,0,0,234328.0,13323.0,2417.0,7.16,0.06,0.0,58,52,-202,199.0,1,6,23,157,2017,6
0,0,0,0,0,353956.0,13986.0,2955.0,3.36,0.0,0.0,67,51,-201,199.0,2,7,23,158,2017,6
0,0,0,0,0,355972.0,37502.0,4909.0,3.8,0.0,0.0,69,55,-200,199.0,3,8,23,159,2017,6
0,0,0,0,0,418327.0,35774.0,2780.0,4.7,0.0,0.0,80,53,-199,199.0,4,9,23,160,2017,6
0,0,0,0,0,282357.0,21737.0,2118.0,3.58,0.0,0.0,85,66,-198,199.0,5,10,23,161,2017,6
0,0,0,0,0,506674.0,136405.0,5250.0,5.14,0.0,0.0,90,72,-197,199.0,6,11,23,162,2017,6
0,0,0,0,0,546090.0,42808.0,4745.0,3.8,0.0,0.0,93,76,-196,199.0,0,12,24,163,2017,6
0,0,0,0,0,362131.0,32584.0,3852.0,3.13,0.0,0.0,94,77,-195,199.0,1,13,24,164,2017,6
0,0,0,0,0,379506.0,20834.0,3657.0,4.7,0.29,0.0,84,69,-194,199.0,2,14,24,165,2017,6
0,0,0,0,0,362245.0,23687.0,3484.0,4.25,0.0,0.0,76,64,-193,199.0,3,15,24,166,2017,6
0,0,0,0,0,397221.0,20087.0,2727.0,5.14,0.0,0.0,68,63,-192,199.0,4,16,24,167,2017,6
0,0,0,0,0,676808.0,35838.0,1968.0,2.24,1.39,0.0,74,66,-191,199.0,5,17,24,168,2017,6
0,0,0,0,0,456687.0,15236.0,3913.0,3.58,0.0,0.0,85,70,-190,199.0,6,18,24,169,2017,6
0,0,0,0,0,317232.0,17953.0,6945.0,3.8,1.35,0.0,88,70,-189,199.0,0,19,25,170,2017,6
483,0,0,0,0,201305.0,23156.0,4134.0,5.14,0.03,0.0,83,71,-188,199.0,1,20,25,171,2017,6
447,0,0,0,0,169650.0,19609.0,3282.0,4.7,0.0,0.0,83,71,-187,199.0,2,21,25,172,2017,6
313,0,0,0,0,180580.0,21849.0,2445.0,2.24,0.0,0.0,83,68,-186,199.0,3,22,25,173,2017,6
353,0,0,0,0,254204.0,19701.0,2413.0,4.92,0.04,0.0,83,76,-185,199.0,4,23,25,174,2017,6
344,0,0,0,0,313038.0,10404.0,2784.0,5.37,1.29,0.0,84,71,-184,199.0,5,24,25,175,2017,6
332,0,0,0,0,277711.0,11852.0,2820.0,2.46,0.0,0.0,83,68,-183,199.0,6,25,25,176,2017,6
414,0,0,0,0,297194.0,13818.0,2882.0,3.13,0.0,0.0,79,64,-182,199.0,0,26,26,177,2017,6
442,0,0,0,0,283704.0,15144.0,3034.0,3.58,0.18,0.0,77,60,-181,199.0,1,27,26,178,2017,6
361,0,0,0,0,1839516.0,20758.0,4090.0,4.92,0.0,0.0,78,61,-180,199.0,2,28,26,179,2017,6
350,0,0,0,0,1284701.0,13156.0,3055.0,5.37,0.0,0.0,82,68,-179,199.0,3,29,26,180,2017,6
279,0,0,0,0,756414.0,33493.0,3401.0,5.82,0.0,0.0,88,73,-178,199.0,4,30,26,181,2017,6
305,0,0,0,0,546687.0,13922.0,4527.0,4.03,0.23,0.0,85,71,-177,199.0,5,1,26,182,2017,7
323,0,0,0,0,577786.0,13172.0,3375.0,4.92,0.0,0.0,87,72,-176,199.0,6,2,26,183,2017,7
289,0,0,0,0,752885.0,15572.0,2409.0,1.79,0.45,0.0,88,71,-175,199.0,0,3,27,184,2017,7
319,0,0,0,0,467871.0,51840.0,2547.0,2.68,0.0,0.0,85,70,-174,199.0,1,4,27,185,2017,7
354,0,0,0,0,402350.0,20803.0,5088.0,4.92,0.0,0.0,85,70,-173,199.0,2,5,27,186,2017,7
417,0,0,0,0,820021.0,10587.0,3029.0,3.58,0.0,0.0,77,71,-172,199.0,3,6,27,187,2017,7
332,0,0,0,0,377095.0,12080.0,2349.0,5.37,1.78,0.0,80,68,-171,199.0,4,7,27,188,2017,7
295,0,0,0,0,258574.0,10120.0,2840.0,3.36,0.0,0.0,84,69,-170,199.0,5,8,27,189,2017,7
401,0,0,0,0,596953.0,10465.0,3553.0,3.58,0.0,0.0,81,67,-169,199.0,6,9,27,190,2017,7
368,0,0,0,0,546557.0,9067.0,2858.0,3.36,0.0,0.0,84,68,-168,199.0,0,10,28,191,2017,7
576,0,0,0,0,798787.0,8162.0,2832.0,3.13,0.0,0.0,85,75,-167,199.0,1,11,28,192,2017,7
349,0,0,0,0,1603509.0,11559.0,3225.0,4.7,0.35,0.0,73,65,-164,199.0,4,14,28,195,2017,7
332,0,0,0,0,1242088.0,10610.0,2982.0,3.36,0.0,0.0,84,68,-163,199.0,5,15,28,196,2017,7
356,0,0,0,0,1105073.0,13291.0,2513.0,2.68,0.0,0.0,87,68,-162,199.0,6,16,28,197,2017,7
465,0,0,0,0,423097.0,14974.0,2994.0,2.68,0.0,0.0,85,73,-161,199.0,0,17,29,198,2017,7
363,0,0,0,0,329808.0,15202.0,2840.0,2.91,0.0,0.0,88,73,-160,199.0,1,18,29,199,2017,7
343,0,0,0,0,262968.0,10621.0,3157.0,3.13,0.0,0.0,92,77,-159,199.0,2,19,29,200,2017,7
467,0,0,0,0,236421.0,11538.0,4563.0,2.91,0.01,0.0,94,77,-158,199.0,3,20,29,201,2017,7
384,0,0,0,0,852408.0,12992.0,2938.0,3.8,0.0,0.0,92,76,-157,199.0,4,21,29,202,2017,7
367,0,0,0,0,446355.0,7802.0,3550.0,2.46,0.57,0.0,92,71,-156,199.0,5,22,29,203,2017,7
393,0,0,0,0,158890.0,9204.0,2246.0,2.68,0.06,0.0,79,71,-155,199.0,6,23,29,204,2017,7
446,0,0,0,0,193048.0,13668.0,2290.0,6.71,0.74,0.0,73,63,-154,199.0,0,24,30,205,2017,7
377,0,0,0,0,129422.0,15699.0,2160.0,5.14,0.0,0.0,71,62,-153,199.0,1,25,30,206,2017,7
532,0,0,0,0,943686.0,16849.0,2433.0,3.8,0.0,0.0,77,65,-152,199.0,2,26,30,207,2017,7
447,0,0,0,0,1082429.0,13859.0,3443.0,2.46,0.0,0.0,78,65,-151,199.0,3,27,30,208,2017,7
423,0,0,0,0,346540.0,14556.0,2976.0,2.91,0.0,0.0,85,71,-150,199.0,4,28,30,209,2017,7
442,0,0,0,0,391823.0,23801.0,3340.0,9.4,0.0,0.0,77,67,-149,199.0,5,29,30,210,2017,7
375,0,0,0,0,288839.0,17146.0,3275.0,4.25,0.0,0.0,82,64,-148,199.0,6,30,30,211,2017,7
434,0,0,0,0,228901.0,16525.0,3423.0,2.01,0.0,0.0,88,66,-147,199.0,0,31,31,212,2017,7
578,0,0,0,0,149449.0,14145.0,2804.0,2.68,0.0,0.0,92,71,-146,199.0,1,1,31,213,2017,8
909,0,0,0,0,132395.0,14024.0,5237.0,1.57,0.09,0.0,86,69,-145,199.0,2,2,31,214,2017,8
692,0,0,0,0,218990.0,12143.0,5380.0,1.79,0.0,0.0,87,68,-144,199.0,3,3,31,215,2017,8
506,0,0,0,0,167356.0,8595.0,3183.0,4.25,0.15,0.0,84,69,-143,199.0,4,4,31,216,2017,8
370,0,0,0,0,171719.0,5733.0,3006.0,4.47,0.3,0.0,78,69,-142,199.0,5,5,31,217,2017,8
455,0,0,0,0,186633.0,8183.0,3227.0,3.8,0.0,0.0,76,64,-141,199.0,6,6,31,218,2017,8
457,0,0,0,0,155180.0,11627.0,3339.0,2.46,0.76,0.0,71,64,-140,199.0,0,7,32,219,2017,8
551,0,0,0,0,205739.0,10405.0,3881.0,2.91,0.0,0.0,78,65,-139,199.0,1,8,32,220,2017,8
596,0,0,0,0,174482.0,11422.0,3630.0,1.34,0.0,0.0,85,64,-138,199.0,2,9,32,221,2017,8
1372,0,0,0,0,210981.0,18311.0,12241.0,2.24,0.0,0.0,83,68,-137,199.0,3,10,32,222,2017,8
968,0,0,0,0,259118.0,12137.0,6339.0,2.68,0.0,0.0,82,69,-136,199.0,4,11,32,223,2017,8
712,0,0,0,0,181446.0,10732.0,5534.0,3.36,0.11,0.0,77,64,-135,199.0,5,12,32,224,2017,8
569,0,0,0,0,112182.0,13948.0,4670.0,3.8,0.0,0.0,83,71,-134,199.0,6,13,32,225,2017,8
781,0,0,0,0,267059.0,31002.0,4437.0,2.24,0.0,0.0,80,70,-133,199.0,0,14,33,226,2017,8
1320,0,0,0,0,879569.0,17128.0,4111.0,1.12,0.45,0.0,74,68,-132,199.0,1,15,33,227,2017,8
1345,0,0,0,0,879569.0,17128.0,8462.0,2.24,0.0,0.0,87,70,-131,199.0,2,16,33,228,2017,8
2395,0,0,1,0,682611.0,35035.0,8462.0,3.13,0.0,0.0,83,69,-130,199.0,3,17,33,229,2017,8
1028,0,0,0,1,682611.0,35035.0,8462.0,3.36,0.88,0.0,82,73,-129,199.0,4,18,33,230,2017,8
750,0,0,0,0,682611.0,35035.0,8462.0,2.91,0.0,0.0,86,73,-128,199.0,5,19,33,231,2017,8
789,0,0,0,0,682611.0,35035.0,8462.0,4.47,0.0,0.0,81,69,-127,199.0,6,20,33,232,2017,8
972,0,0,0,0,682611.0,35035.0,8462.0,3.36,0.0,0.0,87,71,-126,199.0,0,21,34,233,2017,8
782,0,0,0,0,682611.0,35035.0,8462.0,5.14,0.3,0.0,89,72,-125,199.0,1,22,34,234,2017,8
854,0,0,0,0,682611.0,35035.0,8462.0,4.03,0.0,0.0,81,70,-124,199.0,2,23,34,235,2017,8
716,0,0,0,0,682611.0,35035.0,8462.0,3.13,0.0,0.0,80,65,-123,199.0,3,24,34,236,2017,8
630,0,0,0,0,682611.0,35035.0,8462.0,2.46,0.0,0.0,78,63,-122,199.0,4,25,34,237,2017,8
754,0,0,0,0,682611.0,35035.0,8462.0,3.8,0.0,0.0,78,62,-121,199.0,5,26,34,238,2017,8
853,0,0,0,0,682611.0,35035.0,8462.0,4.47,0.0,0.0,78,63,-120,199.0,6,27,34,239,2017,8
835,0,0,0,0,682611.0,35035.0,8462.0,6.26,0.0,0.0,76,63,-119,199.0,0,28,35,240,2017,8
998,0,0,0,0,682611.0,35035.0,8462.0,2.01,0.0,0.0,87,67,-118,199.0,1,29,35,241,2017,8
2065,0,0,0,0,682611.0,35035.0,8462.0,4.03,0.13,0.0,90,72,-117,199.0,2,30,35,242,2017,8
1010,0,0,0,0,682611.0,35035.0,8462.0,4.47,0.0,0.0,91,76,-116,199.0,3,31,35,243,2017,8
873,0,0,0,0,682611.0,35035.0,8462.0,2.24,0.0,0.0,90,76,-115,199.0,4,1,35,244,2017,9
1725,0,0,0,0,682611.0,35035.0,8462.0,1.79,0.0,0.0,91,74,-114,199.0,5,2,35,245,2017,9
840,0,0,0,0,682611.0,35035.0,8462.0,2.01,0.0,0.0,93,74,-113,199.0,6,3,35,246,2017,9
998,0,0,0,0,682611.0,35035.0,8462.0,6.93,0.0,0.0,85,72,-112,199.0,0,4,36,247,2017,9
785,0,0,0,0,682611.0,35035.0,8462.0,4.03,0.0,0.0,83,67,-111,199.0,1,5,36,248,2017,9
1030,0,0,0,0,682611.0,35035.0,8462.0,1.34,0.0,0.0,87,65,-110,199.0,2,6,36,249,2017,9
819,0,0,0,0,682611.0,35035.0,8462.0,4.25,0.0,0.0,92,70,-109,199.0,3,7,36,250,2017,9
857,0,0,0,0,682611.0,35035.0,8462.0,4.92,0.0,0.0,97,76,-108,199.0,4,8,36,251,2017,9
898,0,0,0,0,682611.0,35035.0,8462.0,3.8,0.0,0.0,90,76,-107,199.0,5,9,36,252,2017,9
1013,0,0,0,0,682611.0,35035.0,8462.0,6.26,1.58,0.0,79,70,-106,199.0,6,10,36,253,2017,9
1082,0,0,0,0,682611.0,35035.0,8462.0,5.14,0.0,0.0,81,66,-105,199.0,0,11,37,254,2017,9
1172,0,0,0,0,682611.0,35035.0,8462.0,4.25,0.29,0.0,79,69,-104,199.0,1,12,37,255,2017,9
29,0,0,0,0,682611.0,35035.0,8462.0,6.26,0.04,0.0,80,62,-103,199.0,2,13,37,256,2017,9
0,0,0,0,0,682611.0,35035.0,8462.0,6.49,0.0,0.0,77,59,-102,199.0,3,14,37,257,2017,9
0,0,0,0,0,682611.0,35035.0,8462.0,2.24,0.0,0.0,84,62,-101,199.0,4,15,37,258,2017,9
0,0,0,0,0,682611.0,35035.0,8462.0,1.34,0.0,0.0,88,66,-100,199.0,5,16,37,259,2017,9
0,0,0,0,0,682611.0,35035.0,8462.0,2.24,0.0,0.0,89,68,-99,199.0,6,17,37,260,2017,9
0,0,0,0,0,682611.0,35035.0,8462.0,2.01,0.0,0.0,87,68,-98,199.0,0,18,38,261,2017,9
0,0,0,0,0,682611.0,35035.0,8462.0,2.68,0.0,0.0,83,68,-97,199.0,1,19,38,262,2017,9
0,0,0,0,0,682611.0,35035.0,8462.0,7.83,0.0,0.0,79,64,-96,199.0,2,20,38,263,2017,9
0,0,0,0,0,682611.0,35035.0,8462.0,7.61,0.0,0.0,73,59,-95,199.0,3,21,38,264,2017,9
0,0,0,0,0,682611.0,35035.0,8462.0,6.93,0.0,0.0,71,62,-94,199.0,4,22,38,265,2017,9
0,0,0,0,0,682611.0,35035.0,8462.0,2.91,0.0,0.0,80,59,-93,199.0,5,23,38,266,2017,9
0,0,0,0,0,682611.0,35035.0,8462.0,4.25,0.0,0.0,82,60,-92,199.0,6,24,38,267,2017,9
0,0,0,0,0,682611.0,35035.0,8462.0,6.26,0.0,0.0,76,63,-91,199.0,0,25,39,268,2017,9
0,0,0,0,0,682611.0,35035.0,8462.0,6.04,0.0,0.0,72,61,-90,199.0,1,26,39,269,2017,9
0,0,0,0,0,682611.0,35035.0,8462.0,4.92,0.0,0.0,71,56,-89,199.0,2,27,39,270,2017,9
0,0,0,0,0,682611.0,35035.0,8462.0,3.36,0.0,0.0,78,65,-88,199.0,3,28,39,271,2017,9
0,0,0,0,0,682611.0,35035.0,8462.0,2.68,0.11,0.0,83,72,-87,199.0,4,29,39,272,2017,9
0,0,0,0,0,682611.0,35035.0,8462.0,8.28,1.26,0.0,79,59,-86,199.0,5,30,39,273,2017,9
0,0,0,0,0,682611.0,35035.0,8462.0,8.72,0.09,0.0,64,56,-85,199.0,6,1,39,274,2017,10
0,0,0,0,0,682611.0,35035.0,8462.0,12.53,1.08,0.0,57,48,-84,199.0,0,2,40,275,2017,10
0,0,0,0,0,682611.0,35035.0,8462.0,11.41,0.35,0.0,55,49,-83,199.0,1,3,40,276,2017,10
0,0,0,0,0,682611.0,35035.0,8462.0,10.74,0.0,0.0,63,53,-82,199.0,2,4,40,277,2017,10
0,0,0,0,0,682611.0,35035.0,8462.0,6.26,0.0,0.0,67,52,-81,199.0,3,5,40,278,2017,10
0,0,0,0,0,682611.0,35035.0,8462.0,1.57,0.0,0.0,73,52,-80,199.0,4,6,40,279,2017,10
0,0,0,0,0,682611.0,35035.0,8462.0,2.91,0.0,0.0,73,58,-79,199.0,5,7,40,280,2017,10
0,0,0,0,0,682611.0,35035.0,8462.0,3.36,0.0,0.0,72,59,-78,199.0,6,8,40,281,2017,10
0,0,0,0,0,682611.0,35035.0,8462.0,4.03,0.89,0.0,78,61,-77,199.0,0,9,41,282,2017,10
0,0,0,0,0,682611.0,35035.0,8462.0,2.46,0.0,0.0,65,50,-76,199.0,1,10,41,283,2017,10
0,0,0,0,0,682611.0,35035.0,8462.0,3.8,0.0,0.0,69,53,-75,199.0,2,11,41,284,2017,10
0,0,0,0,0,682611.0,35035.0,8462.0,3.8,0.0,0.0,77,56,-74,199.0,3,12,41,285,2017,10
0,0,0,0,0,682611.0,35035.0,8462.0,3.58,0.01,0.0,72,61,-73,199.0,4,13,41,286,2017,10
0,0,0,0,0,682611.0,35035.0,8462.0,3.8,0.0,0.0,69,57,-72,199.0,5,14,41,287,2017,10
0,0,0,0,0,682611.0,35035.0,8462.0,4.03,0.0,0.0,64,51,-71,199.0,6,15,41,288,2017,10
0,0,0,0,0,682611.0,35035.0,8462.0,5.37,0.0,0.0,64,53,-70,199.0,0,16,42,289,2017,10
0,0,0,0,0,682611.0,35035.0,8462.0,5.82,0.0,0.0,56,42,-69,199.0,1,17,42,290,2017,10
0,0,0,0,0,682611.0,35035.0,8462.0,4.92,0.0,0.0,50,38,-68,199.0,2,18,42,291,2017,10
0,0,0,0,0,682611.0,35035.0,8462.0,3.8,0.0,0.0,53,35,-67,199.0,3,19,42,292,2017,10
0,0,0,0,0,682611.0,35035.0,8462.0,6.04,0.0,0.0,70,48,-66,199.0,4,20,42,293,2017,10
0,0,0,0,0,682611.0,35035.0,8462.0,2.24,0.0,0.0,76,57,-65,199.0,5,21,42,294,2017,10
0,0,0,0,0,682611.0,35035.0,8462.0,4.7,0.0,0.0,75,58,-64,199.0,6,22,42,295,2017,10
0,0,0,0,0,682611.0,35035.0,8462.0,6.71,0.0,0.0,65,45,-63,199.0,0,23,43,296,2017,10
0,0,0,0,0,682611.0,35035.0,8462.0,4.03,0.0,0.0,57,40,-62,199.0,1,24,43,297,2017,10
0,0,0,0,0,682611.0,35035.0,8462.0,4.92,0.05,0.0,68,48,-61,199.0,2,25,43,298,2017,10
0,0,0,0,0,682611.0,35035.0,8462.0,3.8,0.0,0.0,58,46,-60,199.0,3,26,43,299,2017,10
0,0,0,0,0,682611.0,35035.0,8462.0,4.47,0.0,0.0,59,45,-59,199.0,4,27,43,300,2017,10
0,0,0,0,0,682611.0,35035.0,8462.0,6.71,1.4,0.0,69,53,-58,199.0,5,28,43,301,2017,10
0,0,0,0,0,682611.0,35035.0,8462.0,6.49,0.04,0.0,73,57,-57,199.0,6,29,43,302,2017,10
0,0,0,0,0,682611.0,35035.0,8462.0,5.82,0.0,0.0,61,48,-56,199.0,0,30,44,303,2017,10
0,0,0,0,0,682611.0,35035.0,8462.0,2.91,0.0,0.0,56,42,-55,199.0,1,31,44,304,2017,10
0,0,0,0,0,682611.0,35035.0,8462.0,4.92,0.0,0.0,65,54,-54,199.0,2,1,44,305,2017,11
0,0,0,0,0,682611.0,35035.0,8462.0,2.01,0.0,0.0,63,54,-53,199.0,3,2,44,306,2017,11
0,0,0,0,0,682611.0,35035.0,8462.0,2.46,0.0,0.0,72,48,-52,199.0,4,3,44,307,2017,11
0,0,0,0,0,682611.0,35035.0,8462.0,2.46,0.0,0.0,70,56,-51,199.0,5,4,44,308,2017,11
0,0,0,0,0,682611.0,35035.0,8462.0,2.01,0.01,0.0,71,56,-50,199.0,6,5,44,309,2017,11
0,0,0,0,0,682611.0,35035.0,8462.0,4.7,0.0,0.0,74,66,-49,199.0,0,6,45,310,2017,11
0,0,0,0,0,682611.0,35035.0,8462.0,4.47,0.0,0.0,72,53,-48,199.0,1,7,45,311,2017,11
0,0,0,0,0,682611.0,35035.0,8462.0,3.58,0.0,0.0,56,46,-47,199.0,2,8,45,312,2017,11
0,0,0,0,0,682611.0,35035.0,8462.0,2.01,0.0,0.0,59,43,-46,199.0,3,9,45,313,2017,11
0,0,0,0,0,682611.0,35035.0,8462.0,9.84,0.26,0.0,57,51,-45,198.0,4,10,45,314,2017,11
0,0,0,0,0,682611.0,35035.0,8462.0,4.92,0.43,0.0,58,49,-44,195.0,5,11,45,315,2017,11
0,0,0,0,0,682611.0,35035.0,8462.0,5.59,0.01,0.0,61,51,-43,191.0,6,12,45,316,2017,11
0,0,0,0,0,682611.0,35035.0,8462.0,10.74,0.0,0.0,58,46,-42,188.0,0,13,46,317,2017,11
0,0,0,0,0,682611.0,35035.0,8462.0,7.83,0.0,0.0,49,42,-41,188.0,1,14,46,318,2017,11
0,0,0,0,0,682611.0,35035.0,8462.0,4.7,0.0,0.0,58,39,-40,188.0,2,15,46,319,2017,11
0,0,0,0,0,682611.0,35035.0,8462.0,4.03,0.0,0.0,67,51,-39,186.0,3,16,46,320,2017,11
0,0,0,0,0,682611.0,35035.0,8462.0,6.26,0.0,0.0,52,40,-38,185.0,4,17,46,321,2017,11
0,0,0,0,0,682611.0,35035.0,8462.0,5.14,0.0,0.0,58,46,-37,183.0,5,18,46,322,2017,11
0,0,0,0,0,682611.0,35035.0,8462.0,5.59,1.25,0.0,64,57,-36,179.0,6,19,46,323,2017,11
0,0,0,0,0,682611.0,35035.0,8462.0,5.82,0.0,0.0,64,46,-35,176.0,0,20,47,324,2017,11
0,0,0,0,0,682611.0,35035.0,8462.0,6.49,0.0,0.0,53,42,-34,174.0,1,21,47,325,2017,11
0,0,0,0,0,682611.0,35035.0,8462.0,6.26,0.03,0.0,55,42,-33,172.0,2,22,47,326,2017,11
0,0,0,0,0,682611.0,35035.0,8462.0,5.82,0.0,0.0,44,33,-32,169.0,3,23,47,327,2017,11
0,0,0,0,0,682611.0,35035.0,8462.0,3.8,0.0,0.0,46,32,-31,165.0,4,24,47,328,2017,11
0,0,0,0,0,682611.0,35035.0,8462.0,2.68,0.0,0.0,50,36,-30,160.0,5,25,47,329,2017,11
0,0,0,0,0,682611.0,35035.0,8462.0,2.91,0.0,0.0,60,41,-29,155.0,6,26,47,330,2017,11
0,0,0,0,0,682611.0,35035.0,8462.0,3.8,0.0,0.0,64,51,-28,151.0,0,27,48,331,2017,11
0,0,0,0,0,682611.0,35035.0,8462.0,3.8,0.02,0.0,64,45,-27,149.0,1,28,48,332,2017,11
0,0,0,0,0,682611.0,35035.0,8462.0,3.8,0.0,0.0,49,38,-26,147.0,2,29,48,333,2017,11
0,0,0,0,0,682611.0,35035.0,8462.0,5.59,0.0,0.0,47,33,-25,145.0,3,30,48,334,2017,11
0,0,0,0,0,682611.0,35035.0,8462.0,6.71,0.33,0.0,51,44,-24,141.0,4,1,48,335,2017,12
0,0,0,0,0,682611.0,35035.0,8462.0,2.91,0.14,0.0,57,46,-23,136.0,5,2,48,336,2017,12
0,0,0,0,0,682611.0,35035.0,8462.0,8.5,0.0,0.0,55,44,-22,130.0,6,3,48,337,2017,12
0,0,0,0,0,682611.0,35035.0,8462.0,4.25,0.0,0.0,51,42,-21,125.0,0,4,49,338,2017,12
0,0,0,0,0,682611.0,35035.0,8462.0,2.24,0.0,0.0,51,40,-20,121.0,1,5,49,339,2017,12
0,0,0,0,0,682611.0,35035.0,8462.0,3.36,0.0,0.0,53,39,-19,117.0,2,6,49,340,2017,12
0,0,0,0,0,682611.0,35035.0,8462.0,3.8,0.0,0.0,54,42,-18,113.0,3,7,49,341,2017,12
0,0,0,0,0,682611.0,35035.0,8462.0,4.47,0.0,0.0,49,41,-17,109.0,4,8,49,342,2017,12
0,0,0,0,0,682611.0,35035.0,8462.0,4.25,0.0,0.0,55,40,-16,104.0,5,9,49,343,2017,12
0,0,0,0,0,682611.0,35035.0,8462.0,4.25,0.0,0.0,60,51,-15,98.0,6,10,49,344,2017,12
0,0,0,0,0,682611.0,35035.0,8462.0,4.7,0.0,0.0,61,50,-14,93.0,0,11,50,345,2017,12
0,0,0,0,0,682611.0,35035.0,8462.0,2.01,0.0,0.0,66,55,-13,89.0,1,12,50,346,2017,12
0,0,0,0,0,682611.0,35035.0,8462.0,3.36,0.0,0.0,67,55,-12,86.0,2,13,50,347,2017,12
0,0,0,0,0,682611.0,35035.0,8462.0,4.7,0.33,0.0,67,53,-11,82.0,3,14,50,348,2017,12
0,0,0,0,0,682611.0,35035.0,8462.0,10.51,0.09,0.0,68,53,-10,79.0,4,15,50,349,2017,12
0,0,0,0,0,682611.0,35035.0,8462.0,5.37,0.04,0.0,53,46,-9,74.0,5,16,50,350,2017,12
0,0,0,0,0,682611.0,35035.0,8462.0,4.92,1.21,0.0,59,50,-8,68.0,6,17,50,351,2017,12
0,0,0,0,0,682611.0,35035.0,8462.0,6.71,0.0,0.0,57,38,-7,63.0,0,18,51,352,2017,12
0,0,0,0,0,682611.0,35035.0,8462.0,9.4,0.0,0.0,40,35,-6,59.0,1,19,51,353,2017,12
0,0,0,0,0,682611.0,35035.0,8462.0,6.04,0.0,0.0,43,34,-5,55.0,2,20,51,354,2017,12
0,0,0,0,0,682611.0,35035.0,8462.0,7.16,0.0,0.0,56,39,-4,51.0,3,21,51,355,2017,12
0,0,0,0,0,682611.0,35035.0,8462.0,4.92,0.19,0.0,62,53,-3,47.0,4,22,51,356,2017,12
0,0,0,0,0,682611.0,35035.0,8462.0,3.58,1.55,0.0,64,52,-2,42.0,5,23,51,357,2017,12
0,0,0,0,0,682611.0,35035.0,8462.0,4.47,0.01,0.0,72,63,-1,36.0,6,24,51,358,2017,12
0,0,0,0,0,682611.0,35035.0,8462.0,0.89,0.01,0.0,66,57,0,33.0,0,25,52,359,2017,12
0,0,0,0,0,682611.0,35035.0,8462.0,8.05,0.0,0.0,59,47,1,29.0,1,26,52,360,2017,12
0,0,0,0,0,682611.0,35035.0,8462.0,5.82,0.12,0.0,61,46,2,25.0,2,27,52,361,2017,12
0,0,0,0,0,682611.0,35035.0,8462.0,8.28,0.03,0.0,46,34,3,20.0,3,28,52,362,2017,12
0,0,0,0,0,682611.0,35035.0,8462.0,6.93,0.45,0.0,46,34,4,16.0,4,29,52,363,2017,12
0,0,0,0,0,682611.0,35035.0,8462.0,4.03,0.19,0.0,48,38,5,11.0,5,30,52,364,2017,12
0,0,0,0,0,682611.0,35035.0,8462.0,5.37,0.03,0.0,48,42,6,5.0,6,31,52,365,2017,12
0,0,0,0,0,682611.0,35035.0,8462.0,7.61,0.0,0.0,42,34,7,3.0,0,1,1,1,2018,1
