DATE,AWND,PRCP,SNOW,TMAX,TMIN
5/1/2015,5.14,0,0,63,49
5/2/2015,2.91,0,0,74,48
5/3/2015,2.46,0,0,80,51
5/4/2015,5.37,0,0,85,57
5/5/2015,4.03,0,0,85,66
5/6/2015,4.92,0,0,73,59
5/7/2015,2.24,0,0,80,56
5/8/2015,2.91,0,0,82,56
5/9/2015,4.25,0,0,70,57
5/10/2015,3.58,0,0,83,61
5/11/2015,3.8,0,0,84,70
5/12/2015,5.37,0,0,86,64
5/13/2015,7.38,0,0,70,53
5/14/2015,3.8,0,0,73,50
5/15/2015,3.36,0,0,75,55
5/16/2015,2.01,0.3,0,75,57
5/17/2015,2.01,0.02,0,83,64
5/18/2015,4.7,0,0,75,60
5/19/2015,2.46,0,0,80,59
5/20/2015,6.93,0,0,67,54
5/21/2015,2.68,0,0,62,52
5/22/2015,6.04,0,0,74,55
5/23/2015,4.47,0,0,70,49
5/24/2015,3.8,0,0,81,56
5/25/2015,4.92,0,0,85,64
5/26/2015,5.14,0,0,88,67
5/27/2015,5.14,0.08,0,85,70
5/28/2015,4.03,0,0,85,70
5/29/2015,4.03,0,0,85,65
5/30/2015,5.59,0,0,85,67
5/31/2015,5.59,1.46,0,87,57
6/1/2015,10.29,0.72,0,58,51
6/2/2015,6.26,0.37,0,55,50
6/3/2015,4.7,0,0,70,52
6/4/2015,5.14,0,0,65,54
6/5/2015,2.91,0.13,0,70,55
6/6/2015,4.7,0.19,0,76,60
6/7/2015,3.8,0,0,74,55
6/8/2015,6.04,0.06,0,79,63
6/9/2015,4.92,0.01,0,83,68
6/10/2015,3.13,0,0,82,65
6/11/2015,4.47,0,0,89,72
6/12/2015,4.47,0,0,88,73
6/13/2015,5.37,0,0,86,72
6/14/2015,2.68,0.36,0,88,66
6/15/2015,4.7,0.57,0,83,64
6/16/2015,2.24,0.27,0,79,65
6/17/2015,3.8,0,0,82,66
6/18/2015,3.58,0,0,71,64
6/19/2015,3.8,0,0,87,68
6/20/2015,5.37,0,0,75,64
6/21/2015,4.47,0.64,0,88,71
6/22/2015,4.92,0,0,87,70
6/23/2015,5.82,0.02,0,90,75
6/24/2015,4.7,0,0,84,68
6/25/2015,3.13,0,0,83,65
6/26/2015,4.47,0,0,81,69
6/27/2015,7.38,1.12,0,71,58
6/28/2015,5.37,0.29,0,73,62
6/29/2015,4.92,0,0,76,63
6/30/2015,4.92,0.04,0,82,68
7/1/2015,4.25,0.39,0,82,69
7/2/2015,1.12,0,0,80,69
7/3/2015,2.91,0,0,82,66
7/4/2015,3.36,0,0,75,69
7/5/2015,1.57,0,0,83,68
7/6/2015,2.91,0,0,83,72
7/7/2015,4.92,0.12,0,88,75
7/8/2015,3.13,0,0,88,77
7/9/2015,4.7,0.3,0,79,68
7/10/2015,4.7,0,0,84,72
7/11/2015,2.46,0,0,88,69
7/12/2015,2.01,0,0,89,72
7/13/2015,2.68,0,0,88,73
7/14/2015,2.68,0.42,0,82,73
7/15/2015,4.47,0.12,0,81,72
7/16/2015,5.59,0,0,80,64
7/17/2015,3.8,0,0,81,67
7/18/2015,4.47,0.32,0,85,71
7/19/2015,3.13,0,0,93,78
7/20/2015,4.47,0,0,94,82
7/21/2015,2.46,0,0,89,74
7/22/2015,5.82,0,0,85,69
7/23/2015,3.8,0,0,86,68
7/24/2015,2.01,0,0,87,70
7/25/2015,3.13,0,0,88,69
7/26/2015,4.47,0,0,90,74
7/27/2015,2.91,0.36,0,86,71
7/28/2015,2.68,0,0,95,75
7/29/2015,3.8,0,0,96,78
7/30/2015,4.25,1.95,0,87,76
7/31/2015,3.36,0,0,89,72
8/1/2015,4.47,0,0,89,75
8/2/2015,2.01,0,0,89,71
8/3/2015,4.92,0,0,90,75
8/4/2015,5.37,0.43,0,89,69
8/5/2015,2.91,0,0,87,72
8/6/2015,2.46,0,0,83,67
8/7/2015,5.37,0,0,84,69
8/8/2015,3.8,0,0,82,68
8/9/2015,3.8,0,0,85,68
8/10/2015,4.47,0,0,84,70
8/11/2015,4.25,1.17,0,81,71
8/12/2015,4.7,0,0,85,71
8/13/2015,3.13,0,0,83,67
8/14/2015,2.91,0,0,88,67
8/15/2015,3.36,0,0,92,73
8/16/2015,1.57,0,0,93,76
8/17/2015,3.36,0,0,95,78
8/18/2015,4.03,0.29,0,90,73
8/19/2015,4.03,0,0,87,77
8/20/2015,5.59,0.01,0,86,77
8/21/2015,4.25,0.32,0,87,71
8/22/2015,4.47,0,0,86,69
8/23/2015,4.03,0,0,85,70
8/24/2015,2.46,0,0,87,73
8/25/2015,3.8,0,0,90,73
8/26/2015,3.8,0,0,85,67
8/27/2015,3.13,0,0,82,67
8/28/2015,2.46,0,0,82,63
8/29/2015,2.01,0,0,87,67
8/30/2015,4.03,0.13,0,90,72
8/31/2015,4.47,0,0,91,76
9/1/2015,2.24,0,0,90,76
9/2/2015,1.79,0,0,91,74
9/3/2015,2.01,0,0,93,74
9/4/2015,6.93,0,0,85,72
9/5/2015,4.03,0,0,83,67
9/6/2015,1.34,0,0,87,65
9/7/2015,4.25,0,0,92,70
9/8/2015,4.92,0,0,97,76
9/9/2015,3.8,0,0,90,76
9/10/2015,6.26,1.58,0,79,70
9/11/2015,5.14,0,0,81,66
9/12/2015,4.25,0.29,0,79,69
9/13/2015,6.26,0.04,0,80,62
9/14/2015,6.49,0,0,77,59
9/15/2015,2.24,0,0,84,62
9/16/2015,1.34,0,0,88,66
9/17/2015,2.24,0,0,89,68
9/18/2015,2.01,0,0,87,68
9/19/2015,2.68,0,0,83,68
9/20/2015,7.83,0,0,79,64
9/21/2015,7.61,0,0,73,59
9/22/2015,6.93,0,0,71,62
9/23/2015,2.91,0,0,80,59
9/24/2015,4.25,0,0,82,60
9/25/2015,6.26,0,0,76,63
9/26/2015,6.04,0,0,72,61
9/27/2015,4.92,0,0,71,56
9/28/2015,3.36,0,0,78,65
9/29/2015,2.68,0.11,0,83,72
9/30/2015,8.28,1.26,0,79,59
10/1/2015,8.72,0.09,0,64,56
10/2/2015,12.53,1.08,0,57,48
10/3/2015,11.41,0.35,0,55,49
10/4/2015,10.74,0,0,63,53
10/5/2015,6.26,0,0,67,52
10/6/2015,1.57,0,0,73,52
10/7/2015,2.91,0,0,73,58
10/8/2015,3.36,0,0,72,59
10/9/2015,4.03,0.89,0,78,61
10/10/2015,2.46,0,0,65,50
10/11/2015,3.8,0,0,69,53
10/12/2015,3.8,0,0,77,56
10/13/2015,3.58,0.01,0,72,61
10/14/2015,3.8,0,0,69,57
10/15/2015,4.03,0,0,64,51
10/16/2015,5.37,0,0,64,53
10/17/2015,5.82,0,0,56,42
10/18/2015,4.92,0,0,50,38
10/19/2015,3.8,0,0,53,35
10/20/2015,6.04,0,0,70,48
10/21/2015,2.24,0,0,76,57
10/22/2015,4.7,0,0,75,58
10/23/2015,6.71,0,0,65,45
10/24/2015,4.03,0,0,57,40
10/25/2015,4.92,0.05,0,68,48
10/26/2015,3.8,0,0,58,46
10/27/2015,4.47,0,0,59,45
10/28/2015,6.71,1.4,0,69,53
10/29/2015,6.49,0.04,0,73,57
10/30/2015,5.82,0,0,61,48
10/31/2015,2.91,0,0,56,42
11/1/2015,4.92,0,0,65,54
11/2/2015,2.01,0,0,63,54
11/3/2015,2.46,0,0,72,48
11/4/2015,2.46,0,0,70,56
11/5/2015,2.01,0.01,0,71,56
11/6/2015,4.7,0,0,74,66
11/7/2015,4.47,0,0,72,53
11/8/2015,3.58,0,0,56,46
11/9/2015,2.01,0,0,59,43
11/10/2015,9.84,0.26,0,57,51
11/11/2015,4.92,0.43,0,58,49
11/12/2015,5.59,0.01,0,61,51
11/13/2015,10.74,0,0,58,46
11/14/2015,7.83,0,0,49,42
11/15/2015,4.7,0,0,58,39
11/16/2015,4.03,0,0,67,51
11/17/2015,6.26,0,0,52,40
11/18/2015,5.14,0,0,58,46
11/19/2015,5.59,1.25,0,64,57
11/20/2015,5.82,0,0,64,46
11/21/2015,6.49,0,0,53,42
11/22/2015,6.26,0.03,0,55,42
11/23/2015,5.82,0,0,44,33
11/24/2015,3.8,0,0,46,32
11/25/2015,2.68,0,0,50,36
11/26/2015,2.91,0,0,60,41
11/27/2015,3.8,0,0,64,51
11/28/2015,,0.02,0,64,45
11/29/2015,,0,0,49,38
11/30/2015,5.59,0,0,47,33
12/1/2015,6.71,0.33,0,51,44
12/2/2015,2.91,0.14,0,57,46
12/3/2015,8.5,0,0,55,44
12/4/2015,4.25,0,0,51,42
12/5/2015,2.24,0,0,51,40
12/6/2015,3.36,0,0,53,39
12/7/2015,3.8,0,0,54,42
12/8/2015,4.47,0,0,49,41
12/9/2015,4.25,0,0,55,40
12/10/2015,4.25,0,0,60,51
12/11/2015,4.7,0,0,61,50
12/12/2015,2.01,0,0,66,55
12/13/2015,3.36,0,0,67,55
12/14/2015,4.7,0.33,0,67,53
12/15/2015,10.51,0.09,0,68,53
12/16/2015,5.37,0.04,0,53,46
12/17/2015,4.92,1.21,0,59,50
12/18/2015,6.71,0,0,57,38
12/19/2015,9.4,0,0,40,35
12/20/2015,6.04,0,0,43,34
12/21/2015,7.16,0,0,56,39
12/22/2015,4.92,0.19,0,62,53
12/23/2015,3.58,1.55,0,64,52
12/24/2015,4.47,0.01,0,72,63
12/25/2015,0.89,0.01,0,66,57
12/26/2015,8.05,0,0,59,47
12/27/2015,5.82,0.12,0,61,46
12/28/2015,8.28,0.03,0,46,34
12/29/2015,6.93,0.45,0,46,34
12/30/2015,4.03,0.19,0,48,38
12/31/2015,5.37,0.03,0,48,42
1/1/2016,7.61,0,0,42,34
1/2/2016,6.71,0,0,40,32
1/3/2016,7.83,0,0,45,35
1/4/2016,8.5,0,0,36,14
1/5/2016,5.14,0,0,29,11
1/6/2016,3.58,0,0,41,25
1/7/2016,2.46,0,0,46,31
1/8/2016,4.25,0,0,46,31
1/9/2016,8.05,0,0,47,40
1/10/2016,9.84,1.8,0,59,40
1/11/2016,10.51,0,0,40,26
1/12/2016,6.04,0,0,44,25
1/13/2016,9.84,0,0,30,22
1/14/2016,4.92,0,0,38,22
1/15/2016,5.14,0,0,51,34
1/16/2016,6.71,0.24,0,52,42
1/17/2016,5.59,0.05,0.4,42,30
1/18/2016,11.86,0,0,31,18
1/19/2016,10.96,0,0,28,16
1/20/2016,5.59,0,0,37,27
1/21/2016,6.04,0,0,36,26
1/22/2016,6.49,0.01,0.2,30,21
1/23/2016,15.66,2.31,27.3,27,24
1/24/2016,5.82,0,0,35,20
1/25/2016,3.36,0,0,39,28
1/26/2016,6.49,0,0,48,38
1/27/2016,6.71,0,0,47,34
1/28/2016,4.47,0,0,42,32
1/29/2016,7.83,0,0,41,30
1/30/2016,6.93,0,0,39,28
1/31/2016,5.14,0,0,56,36
2/1/2016,5.82,0.01,0,59,44
2/2/2016,3.58,0,0,50,38
2/3/2016,6.49,0.73,0,59,42
2/4/2016,5.82,0,0,59,44
2/5/2016,8.28,0.53,2.5,44,31
2/6/2016,5.59,0,0,40,30
2/7/2016,5.37,0,0,47,33
2/8/2016,10.51,0.05,0.1,39,28
2/9/2016,4.03,0,0,36,27
2/10/2016,5.82,0.01,0,39,31
2/11/2016,10.07,0,0,31,18
2/12/2016,6.71,0,0,27,15
2/13/2016,12.3,0,0,22,6
2/14/2016,6.26,0,0,15,-1
2/15/2016,5.37,0.44,1.4,35,13
2/16/2016,7.83,1.01,0,54,35
2/17/2016,7.38,0,0,39,35
2/18/2016,7.16,0,0,36,27
2/19/2016,5.37,0,0,39,24
2/20/2016,7.38,0,0,61,39
2/21/2016,4.92,0.03,0,55,44
2/22/2016,5.14,0,0,52,38
2/23/2016,14.54,0.3,0,40,35
2/24/2016,10.51,1.22,0,60,36
2/25/2016,8.95,0.02,0,61,37
2/26/2016,8.72,0,0,39,27
2/27/2016,6.04,0,0,41,26
2/28/2016,7.38,0,0,60,38
2/29/2016,8.5,0.05,0,61,47
3/1/2016,7.61,0,0,52,39
3/2/2016,10.51,0.14,0,55,29
3/3/2016,5.82,0,0,36,26
3/4/2016,8.72,0.11,0.4,39,30
3/5/2016,4.25,0,0,41,28
3/6/2016,3.36,0,0,44,32
3/7/2016,7.83,0,0,60,36
3/8/2016,3.36,0,0,67,47
3/9/2016,2.24,0,0,77,44
3/10/2016,4.92,0,0,79,63
3/11/2016,6.04,0.06,0,68,48
3/12/2016,5.14,0,0,59,40
3/13/2016,3.58,0,0,62,50
3/14/2016,14.09,0.29,0,51,40
3/15/2016,5.37,0,0,57,44
3/16/2016,3.58,0.02,0,65,48
3/17/2016,4.92,0,0,63,45
3/18/2016,8.72,0,0,57,42
3/19/2016,5.14,0,0,46,36
3/20/2016,9.62,0.07,0,43,32
3/21/2016,8.05,0.06,0.5,50,32
3/22/2016,6.93,0,0,56,35
3/23/2016,6.04,0,0,71,48
3/24/2016,9.17,0,0,55,44
3/25/2016,3.8,0.04,0,72,44
3/26/2016,6.49,0,0,55,38
3/27/2016,5.59,0,0,55,43
3/28/2016,10.07,0.38,0,62,42
3/29/2016,11.63,0,0,53,40
3/30/2016,5.37,0,0,56,37
3/31/2016,6.71,0,0,73,49
4/1/2016,6.71,0.02,0,79,61
4/2/2016,4.92,0.16,0,61,49
4/3/2016,12.75,0.09,0,50,34
4/4/2016,7.16,0.47,0,45,29
4/5/2016,8.28,0,0,43,26
4/6/2016,6.04,0,0,48,30
4/7/2016,6.93,0.09,0,58,48
4/8/2016,7.16,0.01,0,50,40
4/9/2016,6.49,0.11,0,43,36
4/10/2016,4.92,0,0,50,31
4/11/2016,6.93,0.01,0,65,43
4/12/2016,5.82,0.2,0,59,45
4/13/2016,4.47,0,0,58,40
4/14/2016,6.49,0,0,62,43
4/15/2016,3.8,0,0,65,42
4/16/2016,4.92,0,0,68,43
4/17/2016,2.91,0,0,75,44
4/18/2016,3.8,0,0,82,51
4/19/2016,7.61,0,0,73,55
4/20/2016,6.04,0,0,69,49
4/21/2016,5.59,0,0,73,49
4/22/2016,4.25,0,0,79,62
4/23/2016,7.16,0.16,0,71,54
4/24/2016,5.82,0,0,68,47
4/25/2016,4.03,0,0,69,50
4/26/2016,7.16,0.24,0,60,47
4/27/2016,4.25,0,0,62,46
4/28/2016,4.7,0,0,59,48
4/29/2016,5.82,0.05,0,58,45
4/30/2016,5.82,0,0,65,46
5/1/2016,4.92,0.16,0,51,45
5/2/2016,2.24,0.04,0,60,45
5/3/2016,6.04,0.61,0,56,51
5/4/2016,8.72,0.01,0,52,48
5/5/2016,8.28,0,0,57,46
5/6/2016,7.83,0.54,0,54,48
5/7/2016,4.47,0,0,60,48
5/8/2016,4.7,0.16,0,66,49
5/9/2016,5.14,0,0,72,52
5/10/2016,4.92,0,0,63,50
5/11/2016,2.46,0,0,76,50
5/12/2016,3.36,0,0,80,56
5/13/2016,3.36,0.25,0,65,57
5/14/2016,3.36,0,0,73,56
5/15/2016,3.36,0,0,59,46
5/16/2016,3.36,0,0,66,43
5/17/2016,3.8,0,0,64,52
5/18/2016,3.8,0,0,68,52
5/19/2016,1.34,0,0,73,54
5/20/2016,4.47,0,0,76,53
5/21/2016,3.8,0.04,0,66,54
5/22/2016,3.58,0.09,0,70,52
5/23/2016,2.46,0.02,0,78,56
5/24/2016,2.01,0.18,0,73,58
5/25/2016,4.25,0,0,88,61
5/26/2016,3.58,0,0,90,69
5/27/2016,3.8,0,0,87,73
5/28/2016,4.47,0,0,92,71
5/29/2016,4.92,0,0,87,70
5/30/2016,3.13,1.65,0,82,68
5/31/2016,3.13,0,0,85,71
6/1/2016,6.04,0,0,83,66
6/2/2016,4.7,0,0,78,62
6/3/2016,1.34,0.04,0,70,63
6/4/2016,2.46,0.4,0,83,66
6/5/2016,3.36,0.91,0,71,65
6/6/2016,5.59,0,0,83,65
6/7/2016,5.14,0,0,85,64
6/8/2016,7.61,0.45,0,67,52
6/9/2016,8.95,0,0,71,54
6/10/2016,5.37,0,0,77,57
6/11/2016,3.36,0,0,88,59
6/12/2016,8.05,0,0,83,62
6/13/2016,7.38,0,0,74,57
6/14/2016,4.25,0,0,79,58
6/15/2016,2.46,0,0,85,62
6/16/2016,1.79,0.22,0,74,65
6/17/2016,4.7,0,0,78,63
6/18/2016,2.68,0,0,87,61
6/19/2016,2.91,0,0,88,66
6/20/2016,3.13,0,0,84,64
6/21/2016,4.92,0,0,87,72
6/22/2016,4.03,0,0,86,68
6/23/2016,2.01,0,0,83,69
6/24/2016,6.26,0,0,84,67
6/25/2016,3.58,0,0,86,64
6/26/2016,2.46,0,0,87,67
6/27/2016,4.92,0.45,0,83,67
6/28/2016,3.58,0.12,0,76,68
6/29/2016,2.24,0.01,0,83,67
6/30/2016,2.91,0,0,85,67
7/1/2016,3.36,0.83,0,79,66
7/2/2016,5.37,0,0,76,63
7/3/2016,3.13,0,0,78,64
7/4/2016,3.13,0.49,0,84,66
7/5/2016,2.91,0.66,0,86,69
7/6/2016,2.46,0,0,91,75
7/7/2016,2.01,0.04,0,89,77
7/8/2016,5.37,0.08,0,86,67
7/9/2016,4.03,0.53,0,72,65
7/10/2016,4.25,0,0,80,66
7/11/2016,3.36,0,0,81,65
7/12/2016,4.25,0,0,82,68
7/13/2016,4.7,0,0,85,71
7/14/2016,2.91,0.62,0,88,73
7/15/2016,4.47,0,0,88,79
7/16/2016,4.25,0,0,90,75
7/17/2016,2.68,0,0,89,75
7/18/2016,5.82,0.35,0,93,72
7/19/2016,4.92,0,0,83,73
7/20/2016,3.13,0,0,85,68
7/21/2016,5.14,0,0,90,71
7/22/2016,6.49,0,0,94,74
7/23/2016,4.92,0,0,96,80
7/24/2016,4.03,0,0,94,75
7/25/2016,3.36,1,0,93,73
7/26/2016,4.25,0,0,89,72
7/27/2016,2.01,0,0,91,74
7/28/2016,3.13,0,0,95,75
7/29/2016,4.25,1.09,0,85,69
7/30/2016,3.58,0.25,0,84,73
7/31/2016,4.25,1.08,0,78,71
8/1/2016,4.92,0,0,80,69
8/2/2016,6.93,0,0,79,68
8/3/2016,2.91,0,0,80,66
8/4/2016,2.01,0,0,81,67
8/5/2016,3.8,0,0,83,69
8/6/2016,5.14,0.05,0,87,72
8/7/2016,4.03,0,0,86,70
8/8/2016,1.34,0,0,86,71
8/9/2016,2.68,0,0,87,71
8/10/2016,4.03,0.09,0,86,75
8/11/2016,4.47,0.15,0,91,74
8/12/2016,5.14,0.32,0,93,73
8/13/2016,4.03,0,0,96,81
8/14/2016,3.8,0.06,0,94,78
8/15/2016,2.91,0,0,92,77
8/16/2016,4.03,0.11,0,87,78
8/17/2016,5.37,0.01,0,85,77
8/18/2016,1.57,0.03,0,85,72
8/19/2016,2.24,0.01,0,88,74
8/20/2016,4.7,0.82,0,83,70
8/21/2016,4.25,0.31,0,86,73
8/22/2016,5.82,0,0,79,65
8/23/2016,1.79,0,0,82,61
8/24/2016,1.79,0,0,88,68
8/25/2016,1.79,0.01,0,86,69
8/26/2016,1.79,0,0,90,75
8/27/2016,2.68,0,0,89,73
8/28/2016,2.46,0,0,89,72
8/29/2016,5.37,0,0,91,74
8/30/2016,3.13,0,0,86,69
8/31/2016,3.36,0,0,89,74
9/1/2016,1.79,0.5,0,79,69
9/2/2016,6.04,0,0,81,66
9/3/2016,6.71,0,0,75,66
9/4/2016,6.71,0,0,80,65
9/5/2016,7.61,0,0,84,65
9/6/2016,9.62,0,0,80,71
9/7/2016,6.49,0,0,85,71
9/8/2016,2.68,0,0,89,71
9/9/2016,3.8,0.22,0,91,75
9/10/2016,4.03,0,0,90,74
9/11/2016,5.82,0,0,83,67
9/12/2016,4.25,0,0,78,62
9/13/2016,4.03,0,0,83,64
9/14/2016,4.92,0.56,0,91,67
9/15/2016,4.92,0,0,74,61
9/16/2016,2.68,0,0,73,61
9/17/2016,3.36,0,0,77,59
9/18/2016,3.58,0,0,82,70
9/19/2016,2.46,0.68,0,76,69
9/20/2016,2.24,0,0,82,68
9/21/2016,3.8,0,0,84,68
9/22/2016,2.46,0,0,86,65
9/23/2016,1.79,0.01,0,87,64
9/24/2016,5.14,0.2,0,71,58
9/25/2016,2.91,0,0,70,54
9/26/2016,4.47,0,0,74,54
9/27/2016,3.13,0.22,0,74,64
9/28/2016,8.05,0,0,69,56
9/29/2016,11.18,0,0,64,57
9/30/2016,9.62,0.4,0,59,56
10/1/2016,7.61,0,0,62,56
10/2/2016,2.68,0,0,63,57
10/3/2016,2.24,0,0,72,60
10/4/2016,7.61,0,0,69,60
10/5/2016,4.7,0,0,67,53
10/6/2016,2.01,0,0,73,55
10/7/2016,2.46,0,0,75,57
10/8/2016,2.01,0.23,0,68,58
10/9/2016,7.38,0.55,0,65,51
10/10/2016,4.7,0,0,64,47
10/11/2016,3.58,0,0,63,46
10/12/2016,1.12,0,0,66,53
10/13/2016,2.91,0,0,67,53
10/14/2016,4.7,0,0,62,47
10/15/2016,3.13,0,0,65,45
10/16/2016,4.03,0,0,69,53
10/17/2016,2.68,0,0,81,63
10/18/2016,4.03,0,0,81,67
10/19/2016,4.47,0,0,85,65
10/20/2016,6.26,0,0,70,62
10/21/2016,2.24,1.11,0,69,57
10/22/2016,10.51,0.29,0,57,47
10/23/2016,8.5,0,0,61,45
10/24/2016,6.04,0,0,62,47
10/25/2016,6.49,0,0,52,43
10/26/2016,4.03,0,0,51,38
10/27/2016,5.14,1.41,0,55,40
10/28/2016,8.28,0,0,51,42
10/29/2016,4.25,0,0,64,39
10/30/2016,3.8,0.56,0,76,54
10/31/2016,4.92,0,0,54,44
11/1/2016,3.13,0,0,58,40
11/2/2016,3.13,0,0,70,54
11/3/2016,5.14,0,0,72,57
11/4/2016,4.7,0,0,61,47
11/5/2016,3.13,0,0,62,44
11/6/2016,7.61,0,0,59,45
11/7/2016,5.37,0,0,53,41
11/8/2016,2.46,0,0,66,41
11/9/2016,3.58,0.06,0,59,49
11/10/2016,5.82,0,0,56,40
11/11/2016,8.28,0,0,63,41
11/12/2016,5.37,0,0,50,37
11/13/2016,5.37,0,0,61,41
11/14/2016,3.58,0,0,62,46
11/15/2016,5.59,1.81,0,56,47
11/16/2016,4.03,0,0,61,45
11/17/2016,4.25,0,0,61,49
11/18/2016,2.46,0,0,64,44
11/19/2016,4.92,0.25,0,63,37
11/20/2016,10.29,0.31,0,42,34
11/21/2016,13.2,0,0,41,36
11/22/2016,9.62,0,0,41,37
11/23/2016,4.92,0,0,45,35
11/24/2016,4.47,0.03,0,48,38
11/25/2016,2.01,0.02,0,54,45
11/26/2016,4.47,0,0,50,40
11/27/2016,4.7,0,0,50,39
11/28/2016,3.36,0,0,52,38
11/29/2016,4.92,2.2,0,60,51
11/30/2016,6.26,0.73,0,58,50
12/1/2016,7.61,0.07,0,54,42
12/2/2016,8.72,0,0,51,40
12/3/2016,8.72,0,0,47,41
12/4/2016,4.92,0,0,47,39
12/5/2016,5.59,0.19,0,49,38
12/6/2016,5.37,0.35,0,46,37
12/7/2016,3.8,0.09,0,46,40
12/8/2016,3.8,0,0,45,35
12/9/2016,3.8,0,0,39,29
12/10/2016,6.04,0,0,35,28
12/11/2016,4.03,0.03,0.4,35,28
12/12/2016,6.26,0.5,0,46,34
12/13/2016,4.03,0,0,43,35
12/14/2016,5.59,0,0,42,34
12/15/2016,10.96,0,0,34,19
12/16/2016,6.04,0,0,27,17
12/17/2016,4.25,0.73,2.8,39,24
12/18/2016,7.38,0.04,0,58,31
12/19/2016,6.71,0,0,31,23
12/20/2016,3.13,0,0,33,20
12/21/2016,2.91,0,0,40,30
12/22/2016,6.26,0,0,49,37
12/23/2016,6.49,0,0,47,38
12/24/2016,4.92,0.47,0,47,38
12/25/2016,6.26,0,0,50,36
12/26/2016,6.49,0.02,0,50,33
12/27/2016,7.16,0,0,60,40
12/28/2016,5.14,0,0,40,34
12/29/2016,5.37,0.39,0,46,33
12/30/2016,9.4,0.01,0,40,33
12/31/2016,6.93,0,0,44,31
1/1/2017,5.59,0,0,48,40
1/2/2017,9.17,0.21,0,41,37
1/3/2017,10.74,0.58,0,43,39
1/4/2017,8.05,0,0,52,34
1/5/2017,7.83,0,0,34,27
1/6/2017,4.7,0.05,1.2,33,25
1/7/2017,7.61,0.32,5.1,26,20
1/8/2017,8.72,0,0,25,16
1/9/2017,5.14,0,0,23,14
1/10/2017,4.7,0,0,46,21
1/11/2017,5.82,0.52,0,52,42
1/12/2017,7.61,0.05,0,66,47
1/13/2017,7.16,0,0,62,32
1/14/2017,4.25,0.12,0.6,34,28
1/15/2017,4.25,0,0,38,30
1/16/2017,4.7,0,0,43,30
1/17/2017,4.92,0.35,0,42,38
1/18/2017,5.82,0.06,0,41,38
1/19/2017,3.58,0,0,49,39
1/20/2017,4.03,0.1,0,45,40
1/21/2017,3.8,0,0,49,41
1/22/2017,6.71,0.05,0,48,43
1/23/2017,18.34,1.16,0,44,36
1/24/2017,10.07,1.18,0,38,35
1/25/2017,6.71,0,0,51,36
1/26/2017,6.71,0.02,0,56,43
1/27/2017,8.95,0,0,43,36
1/28/2017,7.83,0,0,39,34
1/29/2017,5.82,0,0,43,35
1/30/2017,6.26,0,0,37,30
1/31/2017,4.03,0.06,1,34,26
2/1/2017,5.82,0,0,47,33
2/2/2017,5.37,0,0,45,32
2/3/2017,6.71,0,0,33,26
2/4/2017,8.5,0,0,34,22
2/5/2017,7.16,0,0,43,31
2/6/2017,5.14,0,0,49,36
2/7/2017,6.71,0.27,0,42,36
2/8/2017,4.7,0.03,0,62,38
2/9/2017,12.3,1.16,9.4,44,19
2/10/2017,8.5,0,0,32,19
2/11/2017,4.03,0,0,48,30
2/12/2017,7.16,0.46,0,40,30
2/13/2017,12.3,0.02,0,39,31
2/14/2017,5.37,0,0,41,28
2/15/2017,6.49,0,0,47,35
2/16/2017,10.51,0,0,35,28
2/17/2017,8.5,0,0,41,26
2/18/2017,5.82,0,0,63,35
2/19/2017,5.59,0,0,65,53
2/20/2017,7.38,0,0,55,39
2/21/2017,5.82,0,0,47,34
2/22/2017,2.91,0,0,57,42
2/23/2017,3.58,0,0,65,44
2/24/2017,6.04,0,0,70,58
2/25/2017,6.71,0.54,0,63,44
2/26/2017,8.95,0,0,44,36
2/27/2017,5.59,0,0,54,35
2/28/2017,4.03,0,0,59,47
3/1/2017,6.04,0.12,0,70,54
3/2/2017,11.41,0,0,64,35
3/3/2017,8.28,0,0,39,24
3/4/2017,8.95,0,0,30,17
3/5/2017,5.37,0,0,37,14
3/6/2017,3.36,0,0,45,26
3/7/2017,4.25,0.1,0,56,42
3/8/2017,7.61,0.02,0,59,47
3/9/2017,8.72,0,0,61,47
3/10/2017,7.61,0.31,2.1,47,23
3/11/2017,9.62,0,0,29,17
3/12/2017,8.95,0,0,29,19
3/13/2017,4.47,0,0,36,20
3/14/2017,13.42,1.97,7.6,32,21
3/15/2017,11.63,0,0,26,20
3/16/2017,7.83,0,0,39,24
3/17/2017,6.49,0,0,47,29
3/18/2017,8.72,0.08,0,39,34
3/19/2017,8.28,0,0,47,34
3/20/2017,5.14,0,0,52,33
3/21/2017,4.03,0,0,59,42
3/22/2017,11.41,0,0,50,24
3/23/2017,4.92,0,0,42,23
3/24/2017,6.26,0,0,57,36
3/25/2017,6.71,0.01,0,62,42
3/26/2017,8.28,0.14,0,42,37
3/27/2017,4.25,0.26,0,53,37
3/28/2017,5.82,0.72,0,46,41
3/29/2017,7.83,0,0,60,42
3/30/2017,5.82,0.01,0,52,38
3/31/2017,10.29,1.51,0,43,37
4/1/2017,7.61,0,0,48,37
4/2/2017,5.37,0,0,63,40
4/3/2017,4.92,0.03,0,63,48
4/4/2017,6.93,1.18,0,51,45
4/5/2017,3.36,0,0,65,45
4/6/2017,9.17,0.73,0,53,40
4/7/2017,10.51,0,0,51,40
4/8/2017,8.28,0,0,57,40
4/9/2017,4.92,0,0,67,45
4/10/2017,6.04,0,0,74,53
4/11/2017,5.59,0,0,80,61
4/12/2017,2.91,0.02,0,76,58
4/13/2017,5.14,0,0,65,48
4/14/2017,3.8,0,0,66,48
4/15/2017,5.59,0,0,65,51
4/16/2017,7.38,0,0,87,59
4/17/2017,6.71,0,0,74,58
4/18/2017,6.93,0,0,65,47
4/19/2017,5.59,0,0,54,45
4/20/2017,4.03,0.17,0,66,50
4/21/2017,7.38,0.29,0,53,48
4/22/2017,3.58,0.11,0,57,49
4/23/2017,4.92,0,0,66,46
4/24/2017,3.58,0,0,60,48
4/25/2017,13.2,0.91,0,54,49
4/26/2017,4.92,0.34,0,60,53
4/27/2017,2.91,0,0,70,57
4/28/2017,3.13,0,0,85,58
4/29/2017,5.14,0.06,0,85,64
4/30/2017,6.71,0,0,67,52
5/1/2017,5.14,0,0,74,49
5/2/2017,7.83,0,0,75,62
5/3/2017,8.28,0,0,65,51
5/4/2017,5.37,0,0,64,47
5/5/2017,6.49,3.02,0,59,51
5/6/2017,6.04,0.18,0,67,52
5/7/2017,5.59,0.01,0,56,47
5/8/2017,5.82,0,0,57,44
5/9/2017,4.47,0,0,63,47
5/10/2017,3.36,0,0,63,49
5/11/2017,3.58,0,0,62,51
5/12/2017,4.03,0,0,65,48
5/13/2017,7.61,1.61,0,53,45
5/14/2017,5.37,0.02,0,67,46
5/15/2017,8.95,0,0,68,53
5/16/2017,4.25,0,0,79,56
5/17/2017,5.59,0,0,90,65
5/18/2017,5.59,0,0,92,75
5/19/2017,6.26,0,0,91,66
5/20/2017,4.03,0.01,0,65,55
5/21/2017,4.03,0,0,69,52
5/22/2017,2.68,0.59,0,61,53
5/23/2017,2.24,0,0,69,56
5/24/2017,4.92,0.04,0,69,56
5/25/2017,8.05,0.58,0,59,56
5/26/2017,4.92,0.1,0,73,56
5/27/2017,3.13,0,0,71,59
5/28/2017,4.47,0,0,71,58
5/29/2017,5.14,0.13,0,61,56
5/30/2017,2.68,0.06,0,60,55
5/31/2017,2.46,0.03,0,75,58
6/1/2017,3.8,0,0,79,59
6/2/2017,4.47,0.01,0,76,57
6/3/2017,3.58,0.01,0,73,55
6/4/2017,2.24,0.09,0,70,56
6/5/2017,4.92,0.02,0,67,58
6/6/2017,7.16,0.06,0,58,52
6/7/2017,3.36,0,0,67,51
6/8/2017,3.8,0,0,69,55
6/9/2017,4.7,0,0,80,53
6/10/2017,3.58,0,0,85,66
6/11/2017,5.14,0,0,90,72
6/12/2017,3.8,0,0,93,76
6/13/2017,3.13,0,0,94,77
6/14/2017,4.7,0.29,0,84,69
6/15/2017,4.25,0,0,76,64
6/16/2017,5.14,0,0,68,63
6/17/2017,2.24,1.39,0,74,66
6/18/2017,3.58,0,0,85,70
6/19/2017,3.8,1.35,0,88,70
6/20/2017,5.14,0.03,0,83,71
6/21/2017,4.7,0,0,83,71
6/22/2017,2.24,0,0,83,68
6/23/2017,4.92,0.04,0,83,76
6/24/2017,5.37,1.29,0,84,71
6/25/2017,2.46,0,0,83,68
6/26/2017,3.13,0,0,79,64
6/27/2017,3.58,0.18,0,77,60
6/28/2017,4.92,0,0,78,61
6/29/2017,5.37,0,0,82,68
6/30/2017,5.82,0,0,88,73
7/1/2017,4.03,0.23,0,85,71
7/2/2017,4.92,0,0,87,72
7/3/2017,1.79,0.45,0,88,71
7/4/2017,2.68,0,0,85,70
7/5/2017,4.92,0,0,85,70
7/6/2017,3.58,0,0,77,71
7/7/2017,5.37,1.78,0,80,68
7/8/2017,3.36,0,0,84,69
7/9/2017,3.58,0,0,81,67
7/10/2017,3.36,0,0,84,68
7/11/2017,3.13,0,0,85,75
7/12/2017,5.14,0,0,88,77
7/13/2017,4.92,0,0,90,73
7/14/2017,4.7,0.35,0,73,65
7/15/2017,3.36,0,0,84,68
7/16/2017,2.68,0,0,87,68
7/17/2017,2.68,0,0,85,73
7/18/2017,2.91,0,0,88,73
7/19/2017,3.13,0,0,92,77
7/20/2017,2.91,0.01,0,94,77
7/21/2017,3.8,0,0,92,76
7/22/2017,2.46,0.57,0,92,71
7/23/2017,2.68,0.06,0,79,71
7/24/2017,6.71,0.74,0,73,63
7/25/2017,5.14,0,0,71,62
7/26/2017,3.8,0,0,77,65
7/27/2017,2.46,0,0,78,65
7/28/2017,2.91,0,0,85,71
7/29/2017,9.4,0,0,77,67
7/30/2017,4.25,0,0,82,64
7/31/2017,2.01,0,0,88,66
8/1/2017,2.68,0,0,92,71
8/2/2017,1.57,0.09,0,86,69
8/3/2017,1.79,0,0,87,68
8/4/2017,4.25,0.15,0,84,69
8/5/2017,4.47,0.3,0,78,69
8/6/2017,3.8,0,0,76,64
8/7/2017,2.46,0.76,0,71,64
8/8/2017,2.91,0,0,78,65
8/9/2017,1.34,0,0,85,64
8/10/2017,2.24,0,0,83,68
8/11/2017,2.68,0,0,82,69
8/12/2017,3.36,0.11,0,77,64
8/13/2017,3.8,0,0,83,71
8/14/2017,2.24,0,0,80,70
8/15/2017,1.12,0.45,0,74,68
8/16/2017,2.24,0,0,87,70
8/17/2017,3.13,0,0,83,69
8/18/2017,3.36,0.88,0,82,73
8/19/2017,2.91,0,0,86,73
8/20/2017,4.47,0,0,81,69
8/21/2017,3.36,0,0,87,71
8/22/2017,5.14,0.3,0,89,72
8/23/2017,4.03,0,0,81,70
8/24/2017,3.13,0,0,80,65
8/25/2017,2.46,0,0,78,63
8/26/2017,3.8,0,0,78,62
8/27/2017,4.47,0,0,78,63
8/28/2017,6.26,0,0,76,63
8/29/2017,2.01,0,0,87,67
8/30/2017,4.03,0.13,0,90,72
8/31/2017,4.47,0,0,91,76
9/1/2017,2.24,0,0,90,76
9/2/2017,1.79,0,0,91,74
9/3/2017,2.01,0,0,93,74
9/4/2017,6.93,0,0,85,72
9/5/2017,4.03,0,0,83,67
9/6/2017,1.34,0,0,87,65
9/7/2017,4.25,0,0,92,70
9/8/2017,4.92,0,0,97,76
9/9/2017,3.8,0,0,90,76
9/10/2017,6.26,1.58,0,79,70
9/11/2017,5.14,0,0,81,66
9/12/2017,4.25,0.29,0,79,69
9/13/2017,6.26,0.04,0,80,62
9/14/2017,6.49,0,0,77,59
9/15/2017,2.24,0,0,84,62
9/16/2017,1.34,0,0,88,66
9/17/2017,2.24,0,0,89,68
9/18/2017,2.01,0,0,87,68
9/19/2017,2.68,0,0,83,68
9/20/2017,7.83,0,0,79,64
9/21/2017,7.61,0,0,73,59
9/22/2017,6.93,0,0,71,62
9/23/2017,2.91,0,0,80,59
9/24/2017,4.25,0,0,82,60
9/25/2017,6.26,0,0,76,63
9/26/2017,6.04,0,0,72,61
9/27/2017,4.92,0,0,71,56
9/28/2017,3.36,0,0,78,65
9/29/2017,2.68,0.11,0,83,72
9/30/2017,8.28,1.26,0,79,59
10/1/2017,8.72,0.09,0,64,56
10/2/2017,12.53,1.08,0,57,48
10/3/2017,11.41,0.35,0,55,49
10/4/2017,10.74,0,0,63,53
10/5/2017,6.26,0,0,67,52
10/6/2017,1.57,0,0,73,52
10/7/2017,2.91,0,0,73,58
10/8/2017,3.36,0,0,72,59
10/9/2017,4.03,0.89,0,78,61
10/10/2017,2.46,0,0,65,50
10/11/2017,3.8,0,0,69,53
10/12/2017,3.8,0,0,77,56
10/13/2017,3.58,0.01,0,72,61
10/14/2017,3.8,0,0,69,57
10/15/2017,4.03,0,0,64,51
10/16/2017,5.37,0,0,64,53
10/17/2017,5.82,0,0,56,42
10/18/2017,4.92,0,0,50,38
10/19/2017,3.8,0,0,53,35
10/20/2017,6.04,0,0,70,48
10/21/2017,2.24,0,0,76,57
10/22/2017,4.7,0,0,75,58
10/23/2017,6.71,0,0,65,45
10/24/2017,4.03,0,0,57,40
10/25/2017,4.92,0.05,0,68,48
10/26/2017,3.8,0,0,58,46
10/27/2017,4.47,0,0,59,45
10/28/2017,6.71,1.4,0,69,53
10/29/2017,6.49,0.04,0,73,57
10/30/2017,5.82,0,0,61,48
10/31/2017,2.91,0,0,56,42
11/1/2017,4.92,0,0,65,54
11/2/2017,2.01,0,0,63,54
11/3/2017,2.46,0,0,72,48
11/4/2017,2.46,0,0,70,56
11/5/2017,2.01,0.01,0,71,56
11/6/2017,4.7,0,0,74,66
11/7/2017,4.47,0,0,72,53
11/8/2017,3.58,0,0,56,46
11/9/2017,2.01,0,0,59,43
11/10/2017,9.84,0.26,0,57,51
11/11/2017,4.92,0.43,0,58,49
11/12/2017,5.59,0.01,0,61,51
11/13/2017,10.74,0,0,58,46
11/14/2017,7.83,0,0,49,42
11/15/2017,4.7,0,0,58,39
11/16/2017,4.03,0,0,67,51
11/17/2017,6.26,0,0,52,40
11/18/2017,5.14,0,0,58,46
11/19/2017,5.59,1.25,0,64,57
11/20/2017,5.82,0,0,64,46
11/21/2017,6.49,0,0,53,42
11/22/2017,6.26,0.03,0,55,42
11/23/2017,5.82,0,0,44,33
11/24/2017,3.8,0,0,46,32
11/25/2017,2.68,0,0,50,36
11/26/2017,2.91,0,0,60,41
11/27/2017,3.8,0,0,64,51
11/28/2017,3.8,0.02,0,64,45
11/29/2017,3.8,0,0,49,38
11/30/2017,5.59,0,0,47,33
12/1/2017,6.71,0.33,0,51,44
12/2/2017,2.91,0.14,0,57,46
12/3/2017,8.5,0,0,55,44
12/4/2017,4.25,0,0,51,42
12/5/2017,2.24,0,0,51,40
12/6/2017,3.36,0,0,53,39
12/7/2017,3.8,0,0,54,42
12/8/2017,4.47,0,0,49,41
12/9/2017,4.25,0,0,55,40
12/10/2017,4.25,0,0,60,51
12/11/2017,4.7,0,0,61,50
12/12/2017,2.01,0,0,66,55
12/13/2017,3.36,0,0,67,55
12/14/2017,4.7,0.33,0,67,53
12/15/2017,10.51,0.09,0,68,53
12/16/2017,5.37,0.04,0,53,46
12/17/2017,4.92,1.21,0,59,50
12/18/2017,6.71,0,0,57,38
12/19/2017,9.4,0,0,40,35
12/20/2017,6.04,0,0,43,34
12/21/2017,7.16,0,0,56,39
12/22/2017,4.92,0.19,0,62,53
12/23/2017,3.58,1.55,0,64,52
12/24/2017,4.47,0.01,0,72,63
12/25/2017,0.89,0.01,0,66,57
12/26/2017,8.05,0,0,59,47
12/27/2017,5.82,0.12,0,61,46
12/28/2017,8.28,0.03,0,46,34
12/29/2017,6.93,0.45,0,46,34
12/30/2017,4.03,0.19,0,48,38
12/31/2017,5.37,0.03,0,48,42
1/1/2018,7.61,0,0,42,34
